Company_Name,Ticker,Listed_Date,Listing_Year,Exchange,Current_Price,Listing_Gain_Pct,Overall_Gain_Pct,Performance_Status
3B Blackbio Dx Limited,3BBLACKBIO.NS,2026-04-20,2026,NSE Main Board,1148.4,,,🟢 Trading Active
ABM Knowledgeware Limited,ABMKNO.NS,2026-04-20,2026,NSE Main Board,192.1,,,🟢 Trading Active
ACS Technologies Limited,ACSTECH.NS,2026-04-20,2026,NSE Main Board,49.92,,,🟢 Trading Active
AK Capital Services Limited,AKCAPIT.NS,2026-04-20,2026,NSE Main Board,1762.7,,,🟢 Trading Active
ARCL Organics Limited,ARCL.NS,2026-08-17,2026,NSE Main Board,233.75,,,🟢 Trading Active
Aarnav Fashions Limited,AARNAV.NS,2026-02-25,2026,NSE Main Board,35.37,,,🟢 Trading Active
Aastha Spintex Limited,AASTHA.NS,2026-07-06,2026,NSE Main Board,73.03,,,🟢 Trading Active
Abans Enterprises Limited,ABANSENT.NS,2026-04-20,2026,NSE Main Board,30.3,,,🟢 Trading Active
Addi Industries Limited,ADDIND.NS,2026-08-17,2026,NSE Main Board,89.5,,,🟢 Trading Active
Advait Energy Transitions Limited,ADVAIT.NS,2026-01-20,2026,NSE Main Board,2126.1,,,🟢 Trading Active
Advik Capital Limited,ADVIKCA.NS,2026-08-17,2026,NSE Main Board,1.23,,,🟢 Trading Active
Advit Jewels Limited,RAMBHAJO.NS,2026-07-01,2026,NSE Main Board,179.25,,,🟢 Trading Active
Alfred Herbert India Limited,ALFREDHE.NS,2026-08-17,2026,NSE Main Board,2985.6,,,🟢 Trading Active
Algoquant Fintech Limited,ALGOQUANT.NS,2026-01-06,2026,NSE Main Board,66.27,,,🟢 Trading Active
Allcargo Global Limited,AGL.NS,2026-07-03,2026,NSE Main Board,13.25,,,🟢 Trading Active
Alpine Texworld Limited,ALPINETEX.NS,2026-07-21,2026,NSE Main Board,60.46,,,🟢 Trading Active
Alufluoride Limited,ALUFLUOR.NS,2026-08-17,2026,NSE Main Board,440.3,,,🟢 Trading Active
Amagi Media Labs Limited,AMAGI.NS,2026-01-21,2026,NSE Main Board,579.15,,,🟢 Trading Active
Amal Limited,AMAL.NS,2026-08-17,2026,NSE Main Board,740.45,,,🟢 Trading Active
Amarjothi Spinning Mills Limited,AMARJOTHI.NS,2026-08-17,2026,NSE Main Board,157.57,,,🟢 Trading Active
Ambalal Sarabhai Enterprises Limited,AMBALALSA.NS,2026-04-20,2026,NSE Main Board,47.61,,,🟢 Trading Active
Amir Chand Jagdish Kumar (Exports) Limited,AEROPLANE.NS,2026-04-02,2026,NSE Main Board,181.19,,,🟢 Trading Active
Andrew Yule & Company Limited,ANDREWYU.NS,2026-08-17,2026,NSE Main Board,25.98,,,🟢 Trading Active
Annapurna Swadisht Limited,ANNAPURNA.NS,2026-08-12,2026,NSE Main Board,157.6,,,🟢 Trading Active
Ansal Buildwell Limited,ANSALBU.NS,2026-08-17,2026,NSE Main Board,73.0,,,🟢 Trading Active
Apoorva Leasing Finance and Investment Company Limited,APOORVA.NS,2026-08-17,2026,NSE Main Board,,,,⚪ Inactive / Unlisted
Ardee Industries Limited,ARDEE.NS,2026-08-12,2026,NSE Main Board,63.89,,,🟢 Trading Active
Arihant Foundations & Housing Limited,ARIHANT.NS,2026-04-20,2026,NSE Main Board,1021.5,,,🟢 Trading Active
Artemis Electricals and Projects Limited,AEPL.NS,2026-03-12,2026,NSE Main Board,14.9,,,🟢 Trading Active
Aryaman Financial Services Limited,ARYAMAN.NS,2026-08-17,2026,NSE Main Board,599.9,,,🟢 Trading Active
Ashika Global Securities Limited,ASHIKAG.NS,2026-04-20,2026,NSE Main Board,432.45,,,🟢 Trading Active
Asian Star Company Limited,ASTAR.NS,2026-04-20,2026,NSE Main Board,590.6,,,🟢 Trading Active
Asian Tea & Exports Limited,ASIANTNE.NS,2026-08-17,2026,NSE Main Board,9.46,,,🟢 Trading Active
Assam Entrade Limited,ASSAMENT.NS,2026-08-17,2026,NSE Main Board,807.5,,,🟢 Trading Active
Austin Engineering Company  Limited,AUSTENG.NS,2026-08-17,2026,NSE Main Board,114.3,,,🟢 Trading Active
Automobile Corporation of Goa Limited,ACGL.NS,2026-08-17,2026,NSE Main Board,1755.0,,,🟢 Trading Active
Avance Technologies Limited,AVANCE.NS,2026-08-17,2026,NSE Main Board,0.9,,,🟢 Trading Active
Axtel Industries Limited,AXTEL.NS,2026-08-17,2026,NSE Main Board,415.3,,,🟢 Trading Active
Aye Finance Limited,AYE.NS,2026-02-16,2026,NSE Main Board,171.8,,,🟢 Trading Active
Azad India Mobility Limited,AZADIND.NS,2026-08-17,2026,NSE Main Board,90.93,,,🟢 Trading Active
B & A Limited,BNALTD.NS,2026-04-20,2026,NSE Main Board,401.0,,,🟢 Trading Active
BCPL Railway Infrastructure Limited,BCPL.NS,2026-03-27,2026,NSE Main Board,70.79,,,🟢 Trading Active
BN Agrochem Limited,BNAGROCHEM.NS,2026-04-20,2026,NSE Main Board,231.7,,,🟢 Trading Active
Bajaj Steel Industries Limited,BAJAJST.NS,2026-04-20,2026,NSE Main Board,359.5,,,🟢 Trading Active
Balmer Lawrie Investments Limited,BLIL.NS,2026-04-20,2026,NSE Main Board,71.3,,,🟢 Trading Active
Batliboi Limited,BATLIBOI.NS,2026-04-20,2026,NSE Main Board,85.85,,,🟢 Trading Active
Beekay Steel Industries Limited,BEEKAY.NS,2026-04-20,2026,NSE Main Board,424.05,,,🟢 Trading Active
Benares Hotels Limited,BENARAS.NS,2026-08-17,2026,NSE Main Board,10205.0,,,🟢 Trading Active
Bengal & Assam Company Limited,BENGALASM.NS,2026-04-20,2026,NSE Main Board,6246.0,,,🟢 Trading Active
Bharat Coking Coal Limited,BHARATCOAL.NS,2026-01-19,2026,NSE Main Board,33.24,,,🟢 Trading Active
Bharat Parenterals Limited,BPLPHARMA.NS,2026-08-17,2026,NSE Main Board,1264.8,,,🟢 Trading Active
Bhilwara Technical Textiles Limited,BTTL.NS,2026-04-20,2026,NSE Main Board,44.36,,,🟢 Trading Active
Bilcare Limited,BI.NS,2026-04-20,2026,NSE Main Board,101.38,,,🟢 Trading Active
Bimetal Bearings Limited,BIMETAL.NS,2026-04-20,2026,NSE Main Board,632.85,,,🟢 Trading Active
Birla Precision Technologies Limited,BIRLAPREC.NS,2026-04-20,2026,NSE Main Board,36.49,,,🟢 Trading Active
Black Rose Inds. Limited,BLACKROSE.NS,2026-04-20,2026,NSE Main Board,108.9,,,🟢 Trading Active
Blue Cloud Softech Solutions Limited,BLUECLOUDS.NS,2026-08-17,2026,NSE Main Board,22.85,,,🟢 Trading Active
Bonlon Industries Limited,BONLON.NS,2026-02-20,2026,NSE Main Board,41.86,,,🟢 Trading Active
Brahmaputra Infrastructure Limited,BRAHMINFRA.NS,2026-08-17,2026,NSE Main Board,176.78,,,🟢 Trading Active
Bright Brothers Limited,BRIGHTBR.NS,2026-08-17,2026,NSE Main Board,255.13,,,🟢 Trading Active
CG Vak Software & Exports Limited,CGVAK.NS,2026-08-17,2026,NSE Main Board,151.24,,,🟢 Trading Active
CMR Green Technologies Limited,CMRGREEN.NS,2026-06-10,2026,NSE Main Board,211.99,,,🟢 Trading Active
CSM Technologies Limited,CSM.NS,2026-07-02,2026,NSE Main Board,100.19,,,🟢 Trading Active
Caliber Mining and Logistics Limited,CMLL.NS,2026-07-24,2026,NSE Main Board,532.65,,,🟢 Trading Active
Captain Polyplast Limited,CPL.NS,2026-07-23,2026,NSE Main Board,68.36,,,🟢 Trading Active
Ceinsys Tech Limited,CEINSYS.NS,2026-02-19,2026,NSE Main Board,784.3,,,🟢 Trading Active
Central Mine Planning & Design Institute Limited,CMPDI.NS,2026-03-30,2026,NSE Main Board,233.11,,,🟢 Trading Active
Chemcrux Enterprises Limited,CHEMCRUX.NS,2026-08-17,2026,NSE Main Board,87.0,,,🟢 Trading Active
Clean Max Enviro Energy Solutions Limited,CLEANMAX.NS,2026-03-02,2026,NSE Main Board,1244.7,,,🟢 Trading Active
Comfort Intech Limited,COMFINTE.NS,2026-04-20,2026,NSE Main Board,6.38,,,🟢 Trading Active
Competent Automobiles Company Limited,COMPEAU.NS,2026-08-17,2026,NSE Main Board,355.05,,,🟢 Trading Active
Confidence Futuristic Energetech Limited,CFEL.NS,2026-08-17,2026,NSE Main Board,29.08,,,🟢 Trading Active
Cravatex Limited,CRAVATEX.NS,2026-08-17,2026,NSE Main Board,347.9,,,🟢 Trading Active
Cressanda Railway Solutions Limited,CRSL.NS,2026-08-17,2026,NSE Main Board,2.15,,,🟢 Trading Active
DCM Shriram Fine Chemicals Limited,DSFCL.NS,2026-02-17,2026,NSE Main Board,26.01,,,🟢 Trading Active
DCM Shriram International Limited,DCMSIL.NS,2026-02-17,2026,NSE Main Board,68.94,,,🟢 Trading Active
Dai-Ichi Karkaria Limited,DAICHI.NS,2026-04-20,2026,NSE Main Board,323.95,,,🟢 Trading Active
Deccan Gold Mines Limited,DECNGOLD.NS,2026-04-20,2026,NSE Main Board,244.05,,,🟢 Trading Active
Deep Polymers Limited,DEEP.NS,2026-08-17,2026,NSE Main Board,36.96,,,🟢 Trading Active
Dhabriya Polywood Limited,DHABRIYA.NS,2026-08-17,2026,NSE Main Board,558.05,,,🟢 Trading Active
Dhatre Udyog Limited,DHATRE.NS,2026-08-17,2026,NSE Main Board,4.58,,,🟢 Trading Active
Dhoot Transmission Limited,DHOOTTRANS.NS,2026-08-17,2026,NSE Main Board,1305.75,,,🟢 Trading Active
Disa India Limited,DISAQ.NS,2026-04-20,2026,NSE Main Board,11696.0,,,🟢 Trading Active
Dr Agarwals Eye Hospital Limited,DRAGARWQ.NS,2026-04-20,2026,NSE Main Board,5321.0,,,🟢 Trading Active
EBIX Limited,EBIX.NS,2026-08-17,2026,NSE Main Board,17.06,,,🟢 Trading Active
EKI Energy Services Limited,EKI.NS,2026-08-17,2026,NSE Main Board,79.58,,,🟢 Trading Active
EL CID Investments Limited,ELCIDIN.NS,2026-04-20,2026,NSE Main Board,110000.0,,,🟢 Trading Active
East West Freight Carriers Limited,EASTWEST.NS,2026-08-17,2026,NSE Main Board,2.32,,,🟢 Trading Active
Eco Recycling Limited,ECORECO.NS,2026-08-17,2026,NSE Main Board,467.75,,,🟢 Trading Active
Elantas Beck India Limited,ELANTAS.NS,2026-04-20,2026,NSE Main Board,11701.5,,,🟢 Trading Active
Elitecon International Limited,ELITECON.NS,2026-04-20,2026,NSE Main Board,17.13,,,🟢 Trading Active
Elpro International Limited,ELPROINTL.NS,2026-04-20,2026,NSE Main Board,175.58,,,🟢 Trading Active
Empire Industries Limited,EMPIND.NS,2026-08-17,2026,NSE Main Board,1116.2,,,🟢 Trading Active
Empower India Limited,EMPOWER.NS,2026-04-20,2026,NSE Main Board,2.22,,,🟢 Trading Active
Enkei Wheels (India) Limited,ENKEIWHEL.NS,2026-08-17,2026,NSE Main Board,408.9,,,🟢 Trading Active
Fedders Holding Limited,FEDDERSHOL.NS,2026-04-20,2026,NSE Main Board,41.0,,,🟢 Trading Active
Fermenta Biotech Limited,FERMENTA.NS,2026-08-04,2026,NSE Main Board,454.2,,,🟢 Trading Active
Fractal Analytics Limited,FRACTAL.NS,2026-02-16,2026,NSE Main Board,825.5,,,🟢 Trading Active
Fredun Pharmaceuticals Limited,FREDUN.NS,2026-08-17,2026,NSE Main Board,1436.7,,,🟢 Trading Active
Frontier Springs Limited,FRONTSP.NS,2026-04-20,2026,NSE Main Board,1284.7,,,🟢 Trading Active
GKB Ophthalmics Limited,GKB.NS,2026-08-17,2026,NSE Main Board,63.03,,,🟢 Trading Active
GSP Crop Science Limited,GSPCROP.NS,2026-03-24,2026,NSE Main Board,590.9,,,🟢 Trading Active
Gaudium IVF and Women Health Limited,GAUDIUMIVF.NS,2026-02-27,2026,NSE Main Board,118.36,,,🟢 Trading Active
Genesys International Corporation Limited-RE,GENESYS-RE.NS,2026-08-14,2026,NSE Main Board,123.6,,,🟢 Trading Active
Globe International Carriers Limited,GICL.NS,2026-02-18,2026,NSE Main Board,23.68,,,🟢 Trading Active
Goodyear India Limited,GOODYEAR.NS,2026-04-20,2026,NSE Main Board,763.5,,,🟢 Trading Active
Gradiente Infotainment Limited,GRADIENTE.NS,2026-05-08,2026,NSE Main Board,2.8,,,🟢 Trading Active
Grand Oak Canyons Distillery Limited,GRANDOAK.NS,2026-04-20,2026,NSE Main Board,39.55,,,🟢 Trading Active
Grauer & Weil India Limited,GRAUWEIL.NS,2026-04-20,2026,NSE Main Board,66.43,,,🟢 Trading Active
Graviss Hospitality Limited,GRAVISSHO.NS,2026-04-20,2026,NSE Main Board,28.86,,,🟢 Trading Active
Gujarat Natural Resources Limited,GNRL.NS,2026-04-20,2026,NSE Main Board,104.34,,,🟢 Trading Active
Gyftr Limited,GYFTR.NS,2026-07-10,2026,NSE Main Board,157.94,,,🟢 Trading Active
HB Estate Developers Limited,HBESD.NS,2026-04-20,2026,NSE Main Board,75.0,,,🟢 Trading Active
HB Portfolio Limited,HBPOR.NS,2026-08-17,2026,NSE Main Board,60.94,,,🟢 Trading Active
Halder Venture Limited,HALDER.NS,2026-01-19,2026,NSE Main Board,290.66,,,🟢 Trading Active
Haldyn Glass Limited,HALDYNGL.NS,2026-04-20,2026,NSE Main Board,127.0,,,🟢 Trading Active
Hampton Sky Realty Limited,HAMPTON.NS,2026-08-17,2026,NSE Main Board,8.12,,,🟢 Trading Active
Hariyana Ship Breakers Limited,HRYNSHP.NS,2026-08-17,2026,NSE Main Board,101.78,,,🟢 Trading Active
Hawkins Cookers Limited,HAWKINCOOK.NS,2026-04-20,2026,NSE Main Board,8235.0,,,🟢 Trading Active
Hazoor Multi Projects Limited,HAZOOR.NS,2026-08-17,2026,NSE Main Board,21.34,,,🟢 Trading Active
Hexagon Nutrition Limited,HEXAGON.NS,2026-06-12,2026,NSE Main Board,66.41,,,🟢 Trading Active
Hind Aluminium Industries Limited,HINDALUMI.NS,2026-08-17,2026,NSE Main Board,98.95,,,🟢 Trading Active
Hindustan Adhesives Limited,HINDADH.NS,2026-08-17,2026,NSE Main Board,385.45,,,🟢 Trading Active
I S T Limited,ISTLTD.NS,2026-08-17,2026,NSE Main Board,652.2,,,🟢 Trading Active
INDO-MIM Limited,INDOMIM.NS,2026-07-30,2026,NSE Main Board,952.75,,,🟢 Trading Active
IP Rings Limited,IPRINGLTD.NS,2026-08-17,2026,NSE Main Board,143.07,,,🟢 Trading Active
ITL Industries Limited,ITL.NS,2026-08-17,2026,NSE Main Board,320.05,,,🟢 Trading Active
Indokem Limited,INDOKEM.NS,2026-08-17,2026,NSE Main Board,585.5,,,🟢 Trading Active
Industrial & Prudential Investment Company Limited,INDPRUD.NS,2026-04-20,2026,NSE Main Board,6198.0,,,🟢 Trading Active
Innovision Limited,INNOVISION.NS,2026-03-23,2026,NSE Main Board,274.1,,,🟢 Trading Active
Insolation Energy Limited,INA.NS,2026-03-09,2026,NSE Main Board,94.86,,,🟢 Trading Active
Investment & Precision Castings Limited,INVPRECQ.NS,2026-04-20,2026,NSE Main Board,1256.5,,,🟢 Trading Active
Jenburkt Pharmaceuticals Limited,JENBURPH.NS,2026-08-17,2026,NSE Main Board,1047.3,,,🟢 Trading Active
John Cockerill India Limited,COCKERILL.NS,2026-04-20,2026,NSE Main Board,8361.5,,,🟢 Trading Active
Juniper Green Energy Limited,JNPR.NS,2026-08-06,2026,NSE Main Board,240.59,,,🟢 Trading Active
Jyoti Resins & Adhesives Limited,JYOTIRES.NS,2026-08-17,2026,NSE Main Board,859.85,,,🟢 Trading Active
K M C Speciality Hospitals (India) Limited,KMCSHIL.NS,2026-08-17,2026,NSE Main Board,141.97,,,🟢 Trading Active
KJMC Financial Services Limited,KJMCFIN.NS,2026-08-17,2026,NSE Main Board,61.99,,,🟢 Trading Active
KSE Limited,KSE.NS,2026-08-17,2026,NSE Main Board,198.82,,,🟢 Trading Active
Kama Holdings Limited,KAMAHOLD.NS,2026-04-20,2026,NSE Main Board,2448.5,,,🟢 Trading Active
Kamanwala Housing Construction Limited,KAMANWALA.NS,2026-08-17,2026,NSE Main Board,16.26,,,🟢 Trading Active
Kanchi Karpooram Limited,KANCHI.NS,2026-04-20,2026,NSE Main Board,374.0,,,🟢 Trading Active
Kanco Tea & Industries Limited,KANCOTEA.NS,2026-08-17,2026,NSE Main Board,48.48,,,🟢 Trading Active
Kennametal India Limited,KENNAMET.NS,2026-04-20,2026,NSE Main Board,3502.2,,,🟢 Trading Active
Kilburn Engineering Limited,KLBRENG-B.NS,2026-04-20,2026,NSE Main Board,362.75,,,🟢 Trading Active
Kiran Vyapar Limited,KIRANVYPAR.NS,2026-04-20,2026,NSE Main Board,196.31,,,🟢 Trading Active
Kirloskar Ferrous Industries Limited,KIRLFER.NS,2026-04-20,2026,NSE Main Board,435.85,,,🟢 Trading Active
Knack Packaging Limited,KNACK.NS,2026-07-08,2026,NSE Main Board,204.19,,,🟢 Trading Active
Kothari Industrial Corporation Limited,KOTIC.NS,2026-04-20,2026,NSE Main Board,145.08,,,🟢 Trading Active
Kotyark Industries Limited,KOTYARK.NS,2026-03-12,2026,NSE Main Board,36.36,,,🟢 Trading Active
Kovai Medical Center & Hospital Limited,KOVAI.NS,2026-04-20,2026,NSE Main Board,6013.0,,,🟢 Trading Active
Kusumgar Limited,KUSUMGAR.NS,2026-07-15,2026,NSE Main Board,595.0,,,🟢 Trading Active
Kwality Pharmaceuticals Limited,KPL.NS,2026-04-20,2026,NSE Main Board,3532.6,,,🟢 Trading Active
Kwality Wall's (India) Limited,KWIL.NS,2026-02-16,2026,NSE Main Board,38.1,,,🟢 Trading Active
LEAP India Limited,LEAPIND.NS,2026-08-14,2026,NSE Main Board,160.3,,,🟢 Trading Active
LKP Securities Limited,LKPSEC.NS,2026-08-17,2026,NSE Main Board,16.76,,,🟢 Trading Active
Ladderup Finance Limited,LADDERUP.NS,2026-08-17,2026,NSE Main Board,50.33,,,🟢 Trading Active
Lahoti Overseas Limited,LAHOTIOV.NS,2026-04-20,2026,NSE Main Board,42.28,,,🟢 Trading Active
Lakshmi Mills Company Limited,LAKSHMIMIL.NS,2026-08-17,2026,NSE Main Board,8001.5,,,🟢 Trading Active
Lancer Container Lines Limited,LANCER.NS,2026-08-17,2026,NSE Main Board,10.92,,,🟢 Trading Active
Laser Power & Infra Limited,LASERPOWER.NS,2026-07-16,2026,NSE Main Board,327.6,,,🟢 Trading Active
Lee & Nee Softwares Exports Limited,LEENEE.NS,2026-08-17,2026,NSE Main Board,7.58,,,🟢 Trading Active
Lohia Corp Limited,LCL.NS,2026-07-30,2026,NSE Main Board,573.0,,,🟢 Trading Active
Lotus Chocolate Company Limited,LOTUSCHO.NS,2026-08-17,2026,NSE Main Board,616.8,,,🟢 Trading Active
M.K. Exim (India) Limited,MKEXIM.NS,2026-08-17,2026,NSE Main Board,53.91,,,🟢 Trading Active
MPDL Limited,MPDL.NS,2026-08-17,2026,NSE Main Board,28.6,,,🟢 Trading Active
MV Electrosystems Limited,MVELECTRO.NS,2026-08-06,2026,NSE Main Board,574.1,,,🟢 Trading Active
Mac Charles India Limited,MCCHRLS-B.NS,2026-04-20,2026,NSE Main Board,660.0,,,🟢 Trading Active
Madhav Infra Projects Limited,MADHAVIPL.NS,2026-04-20,2026,NSE Main Board,7.24,,,🟢 Trading Active
Mafatlal Industries Limited,MAFATIND.NS,2026-04-20,2026,NSE Main Board,122.53,,,🟢 Trading Active
Majestic Auto Limited,MAJESAUT.NS,2026-04-20,2026,NSE Main Board,352.55,,,🟢 Trading Active
Makers Laboratories Limited,MAKERSL.NS,2026-08-17,2026,NSE Main Board,159.83,,,🟢 Trading Active
Manbro Industries Limited,MANBRO.NS,2026-08-17,2026,NSE Main Board,53.1,,,🟢 Trading Active
Mangalam Seeds Limited,MSL.NS,2026-08-17,2026,NSE Main Board,145.0,,,🟢 Trading Active
Manipal Health Enterprises Limited,MANIPALHOS.NS,2026-08-05,2026,NSE Main Board,724.8,,,🟢 Trading Active
Marsons Limited,MARSONS.NS,2026-03-13,2026,NSE Main Board,102.31,,,🟢 Trading Active
Medi Caps Limited,MEDICAPQ.NS,2026-08-17,2026,NSE Main Board,25.05,,,🟢 Trading Active
Media Matrix Worldwide Limited,MMWL.NS,2026-04-20,2026,NSE Main Board,14.91,,,🟢 Trading Active
Meghna Infracon Infrastructure Limited,MIIL.NS,2026-08-17,2026,NSE Main Board,707.9,,,🟢 Trading Active
Menon Pistons Limited,MENNPIS.NS,2026-04-20,2026,NSE Main Board,71.53,,,🟢 Trading Active
Mercantile Ventures Limited,MERCANTILE.NS,2026-04-20,2026,NSE Main Board,23.97,,,🟢 Trading Active
Mercury Ev-Tech Limited,MERCURYEV.NS,2026-06-02,2026,NSE Main Board,35.13,,,🟢 Trading Active
Metroglobal Limited,METROGLOBL.NS,2026-04-20,2026,NSE Main Board,149.94,,,🟢 Trading Active
Milkfood Limited,MLKFOOD.NS,2026-08-17,2026,NSE Main Board,77.61,,,🟢 Trading Active
Milky Mist Dairy Food Limited,MILKYMIST.NS,2026-08-18,2026,NSE Main Board,181.5,,,🟢 Trading Active
Minal Industries Limited,MINALIND.NS,2026-08-17,2026,NSE Main Board,2.08,,,🟢 Trading Active
Mohite Industries Limited,MOHITE.NS,2026-08-17,2026,NSE Main Board,2.45,,,🟢 Trading Active
Molbio Diagnostics Limited,MOLBIO.NS,2026-08-17,2026,NSE Main Board,1110.9,,,🟢 Trading Active
Mukesh Babu Financial Services Limited,MUKESHB.NS,2026-08-17,2026,NSE Main Board,145.0,,,🟢 Trading Active
Mysore Petro Chemicals Limited,MYSORPETRO.NS,2026-08-17,2026,NSE Main Board,114.93,,,🟢 Trading Active
NTC Industries Limited,NTCIND.NS,2026-08-17,2026,NSE Main Board,142.17,,,🟢 Trading Active
National Standard (India) Limited,NATIONSTD.NS,2026-04-20,2026,NSE Main Board,134.0,,,🟢 Trading Active
Neelamalai Agro Industries Limited,NEAGI.NS,2026-04-20,2026,NSE Main Board,3325.2,,,🟢 Trading Active
Nicco Parks & Resorts Limited,NICCOPAR.NS,2026-08-17,2026,NSE Main Board,75.25,,,🟢 Trading Active
Nile Limited,NILE.NS,2026-04-20,2026,NSE Main Board,1525.9,,,🟢 Trading Active
Nimbus Projects Limited,NIMBSPROJ.NS,2026-04-06,2026,NSE Main Board,179.44,,,🟢 Trading Active
Nirlon Limited,NIRLON.NS,2026-04-20,2026,NSE Main Board,621.9,,,🟢 Trading Active
Nitta Gelatin India Limited,NITTAGELA.NS,2026-04-20,2026,NSE Main Board,1599.8,,,🟢 Trading Active
Novartis India Limited,NOVARTIND.NS,2026-04-20,2026,NSE Main Board,1596.5,,,🟢 Trading Active
Odyssey Corporation Limited,ODYCORP.NS,2026-08-17,2026,NSE Main Board,6.78,,,🟢 Trading Active
Om Power Transmission Limited,OMPOWER.NS,2026-04-17,2026,NSE Main Board,167.64,,,🟢 Trading Active
Omnitech Engineering Limited,OMNI.NS,2026-03-05,2026,NSE Main Board,581.6,,,🟢 Trading Active
OnEMI Technology Solutions Limited,KISSHT.NS,2026-05-08,2026,NSE Main Board,302.55,,,🟢 Trading Active
One Global Service Provider Limited,ONEGLOBAL.NS,2026-08-17,2026,NSE Main Board,537.05,,,🟢 Trading Active
Onix Solar Energy Limited,ONIXSOLAR.NS,2026-08-17,2026,NSE Main Board,356.65,,,🟢 Trading Active
Optimus Finance Limited,OPTIFIN.NS,2026-08-17,2026,NSE Main Board,11.76,,,🟢 Trading Active
Oriental Rail Infrastructure Limited,ORIRAIL.NS,2026-08-17,2026,NSE Main Board,107.73,,,🟢 Trading Active
PBM Polytex Limited,PBMPOLY.NS,2026-08-17,2026,NSE Main Board,60.42,,,🟢 Trading Active
PNGS Reva Diamond Jewellery Limited,PNGSREVA.NS,2026-03-04,2026,NSE Main Board,574.2,,,🟢 Trading Active
POCL Enterprises Limited,POEL.NS,2026-08-17,2026,NSE Main Board,161.65,,,🟢 Trading Active
Pacific Industries Limited,PACIFICI.NS,2026-08-17,2026,NSE Main Board,138.99,,,🟢 Trading Active
Panchmahal Steel Limited,PANCHMAHQ.NS,2026-08-17,2026,NSE Main Board,286.85,,,🟢 Trading Active
Panorama Studios International Limited,PANORAMA.NS,2026-08-17,2026,NSE Main Board,46.41,,,🟢 Trading Active
Parnax Lab Limited,PARNAXLAB.NS,2026-08-17,2026,NSE Main Board,122.0,,,🟢 Trading Active
Paul Merchants Limited,PML.NS,2026-04-20,2026,NSE Main Board,504.9,,,🟢 Trading Active
Permanent Magnets Limited,PERMAGN.NS,2026-08-17,2026,NSE Main Board,804.75,,,🟢 Trading Active
Phoenix International Limited,PHOENXINTL.NS,2026-08-17,2026,NSE Main Board,30.17,,,🟢 Trading Active
Pioneer Investcorp Limited,PIONRINV.NS,2026-04-20,2026,NSE Main Board,80.47,,,🟢 Trading Active
Polyspin Exports Limited,POLYSPIN.NS,2026-08-17,2026,NSE Main Board,30.65,,,🟢 Trading Active
Powerica Limited,POWERICA.NS,2026-04-02,2026,NSE Main Board,560.65,,,🟢 Trading Active
Powerica Ltd.,POWERICA.NS,2026-04-02,2026,NSE Main Board,560.65,,,🟢 Trading Active
Pradeep Metals Limited,PRADPME.NS,2026-04-20,2026,NSE Main Board,524.0,,,🟢 Trading Active
Praveg Limited,PRAVEG.NS,2026-04-20,2026,NSE Main Board,252.95,,,🟢 Trading Active
Premco Global Limited,PREMCO.NS,2026-04-20,2026,NSE Main Board,375.65,,,🟢 Trading Active
Prismx Global Ventures Limited,PRISMX.NS,2026-08-17,2026,NSE Main Board,0.54,,,🟢 Trading Active
QMS Medical Allied Services Limited,QMSMEDI.NS,2026-06-18,2026,NSE Main Board,135.24,,,🟢 Trading Active
Quint Digital Limited,QUINT.NS,2026-04-20,2026,NSE Main Board,37.36,,,🟢 Trading Active
RDB Real Estate Constructions Limited,RRECL.NS,2026-08-17,2026,NSE Main Board,136.35,,,🟢 Trading Active
RIR Power Electronics Limited,RIR.NS,2026-07-16,2026,NSE Main Board,170.35,,,🟢 Trading Active
RMC Switchgears Limited,RMC.NS,2026-04-01,2026,NSE Main Board,253.85,,,🟢 Trading Active
RRIL Limited,RRIL.NS,2026-04-20,2026,NSE Main Board,17.94,,,🟢 Trading Active
RSD Finance Limited,RSDFIN.NS,2026-04-20,2026,NSE Main Board,101.17,,,🟢 Trading Active
RTS Power Corporation Limited,RTSPOWR.NS,2026-08-17,2026,NSE Main Board,96.72,,,🟢 Trading Active
Rajapalayam Mills Limited,RAJPALAYAM.NS,2026-04-20,2026,NSE Main Board,843.4,,,🟢 Trading Active
Rajputana Stainless Limited,RSL.NS,2026-03-19,2026,NSE Main Board,164.95,,,🟢 Trading Active
S V Global Mill Limited,SVGLOBAL.NS,2026-08-17,2026,NSE Main Board,133.0,,,🟢 Trading Active
SAB Industries Limited,SAB.NS,2026-08-17,2026,NSE Main Board,170.0,,,🟢 Trading Active
SBI Funds Management Limited,SBIFUNDS.NS,2026-07-21,2026,NSE Main Board,554.85,,,🟢 Trading Active
SEDEMAC Mechatronics Limited,SEDEMAC.NS,2026-03-11,2026,NSE Main Board,3244.7,,,🟢 Trading Active
SGL Resources Limited,SGLRES.NS,2026-08-17,2026,NSE Main Board,2.47,,,🟢 Trading Active
SPEL Semiconductor Limited,SPELS.NS,2026-08-17,2026,NSE Main Board,148.87,,,🟢 Trading Active
Sai Capital Limited,SAICAPI.NS,2026-08-17,2026,NSE Main Board,151.33,,,🟢 Trading Active
Sai Parenteral's Limited,SAIPARENT.NS,2026-04-02,2026,NSE Main Board,542.05,,,🟢 Trading Active
Sai Parenterals Limited,SAIPARENT.NS,2026-04-02,2026,NSE Main Board,542.05,,,🟢 Trading Active
Saint Gobain Sekurit India Limited,SEKURITIND.NS,2026-08-17,2026,NSE Main Board,121.66,,,🟢 Trading Active
Sambandam Spinning Mills Limited,SAMBANDAM.NS,2026-08-17,2026,NSE Main Board,,,,⚪ Inactive / Unlisted
Saraswati Commercial India Limited,ZSARACOM.NS,2026-04-20,2026,NSE Main Board,13076.0,,,🟢 Trading Active
Sayaji Hotels Limited,SAYAJIHOTL.NS,2026-04-20,2026,NSE Main Board,315.4,,,🟢 Trading Active
Sayaji Industries Limited,SAYAJIIND.NS,2026-08-17,2026,NSE Main Board,109.7,,,🟢 Trading Active
Scan Steels Limited,SCANSTL.NS,2026-04-20,2026,NSE Main Board,62.69,,,🟢 Trading Active
Shadowfax Technologies Limited,SHADOWFAX.NS,2026-01-28,2026,NSE Main Board,257.38,,,🟢 Trading Active
Shalibhadra Finance Limited,SAHLIBHFI.NS,2026-04-10,2026,NSE Main Board,70.0,,,🟢 Trading Active
Shankara Buildpro Limited,BUILDPRO.NS,2026-01-09,2026,NSE Main Board,1270.1,,,🟢 Trading Active
Shanti Educational Initiatives Limited,SEIL.NS,2026-04-20,2026,NSE Main Board,205.69,,,🟢 Trading Active
Shanti Gold International Limited-RE,SHANTI-RE.NS,2026-08-14,2026,NSE Main Board,28.49,,,🟢 Trading Active
Sharat Industries Limited,SHINDL.NS,2026-04-20,2026,NSE Main Board,159.21,,,🟢 Trading Active
Shardul Securities Limited,SHARDUL.NS,2026-04-20,2026,NSE Main Board,53.93,,,🟢 Trading Active
Shervani Industrial Syndicate Limited,SHERVANI.NS,2026-08-17,2026,NSE Main Board,307.55,,,🟢 Trading Active
Shilp Gravures Limited,SHILGRAVQ.NS,2026-08-17,2026,NSE Main Board,161.89,,,🟢 Trading Active
Shiva Cement Limited,SHIVACEM.NS,2026-08-17,2026,NSE Main Board,16.8,,,🟢 Trading Active
Shiva Global Agro Industries Limited,SHIVAAGRO.NS,2026-08-17,2026,NSE Main Board,40.18,,,🟢 Trading Active
Shraddha Prime Projects Limited,SHRADDHA.NS,2026-08-17,2026,NSE Main Board,155.0,,,🟢 Trading Active
Shree Ajit Pulp & Paper Limited,SAPPL.NS,2026-04-20,2026,NSE Main Board,288.1,,,🟢 Trading Active
Shree Ganesh Remedies Limited,SGRL.NS,2026-08-17,2026,NSE Main Board,524.2,,,🟢 Trading Active
Shree Ram Twistex Limited,SRTL.NS,2026-03-02,2026,NSE Main Board,39.59,,,🟢 Trading Active
Shri Bajrang Alliance Limited,SHBAJRG.NS,2026-04-20,2026,NSE Main Board,177.13,,,🟢 Trading Active
Shri Jagdamba Polymers Limited,SHRJAGP.NS,2026-08-17,2026,NSE Main Board,700.8,,,🟢 Trading Active
Shri Krishna Devcon Limited,SHRIKRISH.NS,2026-04-20,2026,NSE Main Board,38.46,,,🟢 Trading Active
Shri Vasuprada Plantations Limited,VASUPRADA.NS,2026-08-17,2026,NSE Main Board,96.06,,,🟢 Trading Active
Shukra Pharmaceuticals Limited,SHUKRAPHAR.NS,2026-08-14,2026,NSE Main Board,41.55,,,🟢 Trading Active
Sicagen India Limited,SICAGEN.NS,2026-04-20,2026,NSE Main Board,54.84,,,🟢 Trading Active
Sika Interplant Systems Limited,SIKA.NS,2026-04-20,2026,NSE Main Board,1030.1,,,🟢 Trading Active
Simplex Realty Limited,SIMPLXREA.NS,2026-08-17,2026,NSE Main Board,130.0,,,🟢 Trading Active
Singer India Limited,SINGERIND.NS,2026-03-19,2026,NSE Main Board,78.7,,,🟢 Trading Active
Sonal Mercantile Limited,SONAL.NS,2026-04-20,2026,NSE Main Board,90.8,,,🟢 Trading Active
Sri KPR Industries Limited,SRIKPRIND.NS,2026-08-17,2026,NSE Main Board,20.69,,,🟢 Trading Active
Steel Strips Infrastructures Limited,STLSTRINF.NS,2026-08-17,2026,NSE Main Board,19.1,,,🟢 Trading Active
Sumedha Fiscal Services Limited,SUMEDHA.NS,2026-08-17,2026,NSE Main Board,39.45,,,🟢 Trading Active
Sunil Healthcare Limited,SUNLOC.NS,2026-08-17,2026,NSE Main Board,68.38,,,🟢 Trading Active
Sunrakshakk Industries India Limited,SUNRAKSHAK.NS,2026-08-17,2026,NSE Main Board,376.95,,,🟢 Trading Active
Sunshield Chemicals Limited,SUNSHIEL.NS,2026-08-17,2026,NSE Main Board,1262.4,,,🟢 Trading Active
Super Tannery Limited,SUPTANERY.NS,2026-08-17,2026,NSE Main Board,8.19,,,🟢 Trading Active
Superior Industrial Enterprises Limited,SIEL.NS,2026-08-17,2026,NSE Main Board,38.57,,,🟢 Trading Active
Suryalata Spinning Mills Limited,SURYALA.NS,2026-04-20,2026,NSE Main Board,382.95,,,🟢 Trading Active
Swaraj Suiting Limited,SWARAJ.NS,2026-08-13,2026,NSE Main Board,376.15,,,🟢 Trading Active
Swarnsarita Jewels India Limited,SWARNSAR.NS,2026-08-17,2026,NSE Main Board,33.98,,,🟢 Trading Active
Swiss Military Consumer Goods Limited,SWISSMLTRY.NS,2026-08-17,2026,NSE Main Board,14.01,,,🟢 Trading Active
TCC Concept Limited,TCC.NS,2026-02-25,2026,NSE Main Board,253.05,,,🟢 Trading Active
TGV Sraac Limited,TGVSL.NS,2026-08-17,2026,NSE Main Board,105.17,,,🟢 Trading Active
Taal Tech Limited,TAALTECH.NS,2026-04-20,2026,NSE Main Board,4196.2,,,🟢 Trading Active
Tamboli Industries Limited,TAMBOLIIN.NS,2026-04-20,2026,NSE Main Board,259.34,,,🟢 Trading Active
Taneja Aerospace & Aviation Limited,TANAA.NS,2026-08-17,2026,NSE Main Board,313.85,,,🟢 Trading Active
TechNVision Ventures Limited,TECHNVISN.NS,2026-04-20,2026,NSE Main Board,5014.4,,,🟢 Trading Active
Technocraft Ventures Limited,TECHNOCRAF.NS,2026-08-14,2026,NSE Main Board,304.79,,,🟢 Trading Active
Terai Tea Company Limited,TERAI.NS,2026-08-17,2026,NSE Main Board,124.0,,,🟢 Trading Active
Thacker & Company Limited,THACKER.NS,2026-04-20,2026,NSE Main Board,1054.7,,,🟢 Trading Active
Thakkers Developers Limited,THAKDEV.NS,2026-04-20,2026,NSE Main Board,154.79,,,🟢 Trading Active
The Indian Wood Products Company Limited,IWP.NS,2026-04-20,2026,NSE Main Board,33.81,,,🟢 Trading Active
Timex Group India Limited,TIMEX.NS,2026-04-20,2026,NSE Main Board,549.2,,,🟢 Trading Active
Toyam Sports Limited,TOYAMSL.NS,2026-08-17,2026,NSE Main Board,0.67,,,🟢 Trading Active
Transcorp International Limited,TRANSCOR.NS,2026-08-17,2026,NSE Main Board,24.61,,,🟢 Trading Active
Transpek Industry Limited,TRANSPEK.NS,2026-04-20,2026,NSE Main Board,1132.8,,,🟢 Trading Active
Triton Valves Limited,TRITONV.NS,2026-08-17,2026,NSE Main Board,1146.1,,,🟢 Trading Active
Turtlemint Fintech Solutions Limited,TURTLEMINT.NS,2026-06-29,2026,NSE Main Board,145.75,,,🟢 Trading Active
Tuticorin Alkali Chemicals & Fertilizers Limited,TUTIALKA.NS,2026-08-17,2026,NSE Main Board,56.33,,,🟢 Trading Active
U P Hotels Limited,UPHOT.NS,2026-08-17,2026,NSE Main Board,1448.0,,,🟢 Trading Active
Uday Jewellery Industries Limited,UDAYJEW.NS,2026-08-17,2026,NSE Main Board,144.97,,,🟢 Trading Active
Ultramarine & Pigments Limited,ULTRAMAR.NS,2026-04-20,2026,NSE Main Board,401.0,,,🟢 Trading Active
VEDAVAAG Systems Limited,VEDAVAAG.NS,2026-08-17,2026,NSE Main Board,18.98,,,🟢 Trading Active
VTM Limited,VTMLTD.NS,2026-08-17,2026,NSE Main Board,46.79,,,🟢 Trading Active
Vadilal Enterprises Limited,VADILENT.NS,2026-08-17,2026,NSE Main Board,10002.0,,,🟢 Trading Active
Vedanta Aluminium Metal Limited,VAML.NS,2026-06-15,2026,NSE Main Board,445.95,,,🟢 Trading Active
Vedanta Iron and Steel Limited,VISL.NS,2026-06-15,2026,NSE Main Board,37.41,,,🟢 Trading Active
Vedanta Oil and Gas Limited,VOGL.NS,2026-06-15,2026,NSE Main Board,37.14,,,🟢 Trading Active
Vedanta Power Limited,VEDPOWER.NS,2026-06-15,2026,NSE Main Board,36.18,,,🟢 Trading Active
Veljan Denison Limited,VELJAN.NS,2026-04-20,2026,NSE Main Board,1773.7,,,🟢 Trading Active
Vibrant Global Capital Limited,VGCL.NS,2026-08-17,2026,NSE Main Board,58.21,,,🟢 Trading Active
Vijay Solvex Limited,VIJSOLX.NS,2026-08-17,2026,NSE Main Board,700.0,,,🟢 Trading Active
Virat Industries Limited,VIRAT.NS,2026-08-17,2026,NSE Main Board,343.0,,,🟢 Trading Active
Virtual Global Education Limited,VIRTUALG.NS,2026-08-17,2026,NSE Main Board,0.42,,,🟢 Trading Active
Virtuoso Optoelectronics Limited,VOEPL.NS,2026-07-01,2026,NSE Main Board,477.85,,,🟢 Trading Active
Vishal Fabrics Limited,VISHAL.NS,2026-08-17,2026,NSE Main Board,17.98,,,🟢 Trading Active
Vital Chemtech Limited,VITAL.NS,2026-03-11,2026,NSE Main Board,51.33,,,🟢 Trading Active
Viviana Power Tech Limited,VIVIANA.NS,2026-06-02,2026,NSE Main Board,700.0,,,🟢 Trading Active
Vivo Bio Tech Limited,VIVOBIOT.NS,2026-08-17,2026,NSE Main Board,19.1,,,🟢 Trading Active
Voith Paper Fabrics India Limited,VOITHPAPR.NS,2026-08-17,2026,NSE Main Board,1492.3,,,🟢 Trading Active
WH Brady & Company Limited,WHBRADY.NS,2026-08-17,2026,NSE Main Board,507.0,,,🟢 Trading Active
WPIL Limited,WPIL.NS,2026-04-20,2026,NSE Main Board,426.35,,,🟢 Trading Active
Wardwizard Innovations & Mobility Limited,WARDINMOBI.NS,2026-08-17,2026,NSE Main Board,6.28,,,🟢 Trading Active
Waterbase Limited,WATERBASE.NS,2026-08-17,2026,NSE Main Board,46.32,,,🟢 Trading Active
Waterways Leisure Tourism Limited,CORDELIA.NS,2026-07-01,2026,NSE Main Board,830.0,,,🟢 Trading Active
Welspun Specialty Solutions Limited,WELSPLSOL.NS,2026-04-20,2026,NSE Main Board,47.96,,,🟢 Trading Active
Xtranet Technologies Limited,XTRANET.NS,2026-07-30,2026,NSE Main Board,168.97,,,🟢 Trading Active
Yogi Limited,YOGI.NS,2026-08-17,2026,NSE Main Board,155.82,,,🟢 Trading Active
ZF Steering Gear (India) Limited,ZFSTEERING.NS,2026-04-20,2026,NSE Main Board,679.8,,,🟢 Trading Active
A B Cotspin India Limited,ABCOTS.NS,2025-09-24,2025,NSE Main Board,217.4,,,🟢 Trading Active
Aditya Birla Lifestyle Brands Limited,ABLBL.NS,2025-06-23,2025,NSE Main Board,88.72,,,🟢 Trading Active
Aditya Infotech Limited,CPPLUS.NS,2025-08-05,2025,NSE Main Board,3342.0,,,🟢 Trading Active
Advance Agrolife Limited,ADVANCE.NS,2025-10-08,2025,NSE Main Board,117.96,,,🟢 Trading Active
Advent Hotels International Limited,ADVENTHTL.NS,2025-11-13,2025,NSE Main Board,135.64,,,🟢 Trading Active
Aegis Vopak Terminals Limited,AEGISVOPAK.NS,2025-06-02,2025,NSE Main Board,274.8,,,🟢 Trading Active
Aequs Limited,AEQUS.NS,2025-12-10,2025,NSE Main Board,259.85,,,🟢 Trading Active
Ajax Engineering Limited,AJAXENGG.NS,2025-02-17,2025,NSE Main Board,558.4,,,🟢 Trading Active
All Time Plastics Limited,ALLTIME.NS,2025-08-14,2025,NSE Main Board,213.99,,,🟢 Trading Active
Amanta Healthcare Limited,AMANTA.NS,2025-09-09,2025,NSE Main Board,172.29,,,🟢 Trading Active
Anand Rathi Share and Stock Brokers Limited,ARSSBL.NS,2025-09-30,2025,NSE Main Board,512.0,,,🟢 Trading Active
Anlon Healthcare Limited,AHCL.NS,2025-09-03,2025,NSE Main Board,14.63,,,🟢 Trading Active
Anthem Biosciences Limited,ANTHEM.NS,2025-07-21,2025,NSE Main Board,891.05,,,🟢 Trading Active
Arfin India Limited,ARFIN.NS,2025-07-22,2025,NSE Main Board,82.5,,,🟢 Trading Active
Arisinfra Solutions Limited,ARIS.NS,2025-06-25,2025,NSE Main Board,135.97,,,🟢 Trading Active
Ather Energy Limited,ATHERENERG.NS,2025-05-06,2025,NSE Main Board,1465.8,,,🟢 Trading Active
Atlanta Electricals Limited,ATLANTAELE.NS,2025-09-29,2025,NSE Main Board,1774.4,,,🟢 Trading Active
BMW Ventures Limited,BMWVENTLTD.NS,2025-10-01,2025,NSE Main Board,57.25,,,🟢 Trading Active
Bella Casa Fashion & Retail Limited,BELLACASA.NS,2025-07-18,2025,NSE Main Board,223.29,,,🟢 Trading Active
Belrise Industries Limited,BELRISE.NS,2025-05-28,2025,NSE Main Board,236.73,,,🟢 Trading Active
Beta Drugs Limited,BETA.NS,2025-11-24,2025,NSE Main Board,2355.0,,,🟢 Trading Active
Bharat Seats Limited,BHARATSE.NS,2025-03-24,2025,NSE Main Board,240.91,,,🟢 Trading Active
Billionbrains Garage Ventures Limited,GROWW.NS,2025-11-12,2025,NSE Main Board,193.81,,,🟢 Trading Active
BlueStone Jewellery and Lifestyle Limited,BLUESTONE.NS,2025-08-19,2025,NSE Main Board,820.4,,,🟢 Trading Active
Bluspring Enterprises Limited,BLUSPRING.NS,2025-06-11,2025,NSE Main Board,111.21,,,🟢 Trading Active
Borana Weaves Limited,BORANA.NS,2025-05-27,2025,NSE Main Board,315.2,,,🟢 Trading Active
Brigade Hotel Ventures Limited,BRIGHOTEL.NS,2025-07-31,2025,NSE Main Board,60.71,,,🟢 Trading Active
CORONA Remedies Limited,CORONA.NS,2025-12-15,2025,NSE Main Board,2119.4,,,🟢 Trading Active
Canara HSBC Life Insurance Company Limited,CANHLIFE.NS,2025-10-17,2025,NSE Main Board,149.27,,,🟢 Trading Active
Canara Robeco Asset Management Company Limited,CRAMC.NS,2025-10-16,2025,NSE Main Board,254.4,,,🟢 Trading Active
Capillary Technologies India Limited,CAPILLARY.NS,2025-11-21,2025,NSE Main Board,513.45,,,🟢 Trading Active
Capital India Finance Limited,CIFL.NS,2025-04-17,2025,NSE Main Board,20.93,,,🟢 Trading Active
Career Point Edutech Limited,CPEDU.NS,2025-09-05,2025,NSE Main Board,203.99,,,🟢 Trading Active
Chembond Chemicals Limited,CHEMBONDCH.NS,2025-07-23,2025,NSE Main Board,266.23,,,🟢 Trading Active
Crizac Limited,CRIZAC.NS,2025-07-09,2025,NSE Main Board,174.58,,,🟢 Trading Active
Cura Technologies Limited,CURAA.NS,2025-03-21,2025,NSE Main Board,69.74,,,🟢 Trading Active
Ddev Plastiks Industries Limited,DDEVPLSTIK.NS,2025-01-15,2025,NSE Main Board,272.75,,,🟢 Trading Active
Denta Water and Infra Solutions Limited,DENTA.NS,2025-01-29,2025,NSE Main Board,286.0,,,🟢 Trading Active
Dev Accelerator Limited,DEVX.NS,2025-09-17,2025,NSE Main Board,33.31,,,🟢 Trading Active
Digitide Solutions Limited,DIGITIDE.NS,2025-06-11,2025,NSE Main Board,98.08,,,🟢 Trading Active
Dr. Agarwal's Health Care Limited,AGARWALEYE.NS,2025-02-04,2025,NSE Main Board,502.6,,,🟢 Trading Active
EFC (I) Limited,EFCIL.NS,2025-08-20,2025,NSE Main Board,184.64,,,🟢 Trading Active
EPack Prefab Technologies Limited,EPACKPEB.NS,2025-10-01,2025,NSE Main Board,223.85,,,🟢 Trading Active
Ellenbarrie Industrial Gases Limited,ELLEN.NS,2025-07-01,2025,NSE Main Board,324.75,,,🟢 Trading Active
Emmvee Photovoltaic Power Limited,EMMVEE.NS,2025-11-18,2025,NSE Main Board,317.7,,,🟢 Trading Active
Euro Panel Products Limited,EUROBOND.NS,2025-08-01,2025,NSE Main Board,157.68,,,🟢 Trading Active
Euro Pratik Sales Limited,EUROPRATIK.NS,2025-09-23,2025,NSE Main Board,274.3,,,🟢 Trading Active
Excelsoft Technologies Limited,EXCELSOFT.NS,2025-11-26,2025,NSE Main Board,72.59,,,🟢 Trading Active
Fabtech Technologies Limited,FABTECH.NS,2025-10-07,2025,NSE Main Board,145.73,,,🟢 Trading Active
Finkurve Financial Services Limited,FINKURVE.NS,2025-10-01,2025,NSE Main Board,78.19,,,🟢 Trading Active
Fischer Medical Ventures Limited,FISCHER.NS,2025-07-10,2025,NSE Main Board,38.13,,,🟢 Trading Active
Fujiyama Power Systems Limited,UTLSOLAR.NS,2025-11-20,2025,NSE Main Board,468.3,,,🟢 Trading Active
GK Energy Limited,GKENERGY.NS,2025-09-26,2025,NSE Main Board,123.72,,,🟢 Trading Active
GNG Electronics Limited,EBGNG.NS,2025-07-30,2025,NSE Main Board,570.7,,,🟢 Trading Active
Ganesh Consumer Products Limited,GANESHCP.NS,2025-09-29,2025,NSE Main Board,165.38,,,🟢 Trading Active
Gem Aromatics Limited,GEMAROMA.NS,2025-08-26,2025,NSE Main Board,170.1,,,🟢 Trading Active
Globe Civil Projects Limited,GLOBECIVIL.NS,2025-07-01,2025,NSE Main Board,44.62,,,🟢 Trading Active
Glottis Limited,GLOTTIS.NS,2025-10-07,2025,NSE Main Board,64.99,,,🟢 Trading Active
Gretex Corporate Services Limited,GCSL.NS,2025-09-04,2025,NSE Main Board,512.3,,,🟢 Trading Active
Gujarat Kidney And Super Speciality Limited,GKSL.NS,2025-12-30,2025,NSE Main Board,153.46,,,🟢 Trading Active
Gujarat Themis Biosyn Limited,GUJTHEM.NS,2025-02-25,2025,NSE Main Board,371.3,,,🟢 Trading Active
HDB Financial Services Limited,HDBFS.NS,2025-07-02,2025,NSE Main Board,698.15,,,🟢 Trading Active
Hexaware Technologies Limited,HEXT.NS,2025-02-19,2025,NSE Main Board,552.75,,,🟢 Trading Active
Highway Infrastructure Limited,HILINFRA.NS,2025-08-12,2025,NSE Main Board,46.3,,,🟢 Trading Active
ICICI Prudential Asset Management Company Limited,ICICIAMC.NS,2025-12-19,2025,NSE Main Board,3106.0,,,🟢 Trading Active
ITC Hotels Limited,ITCHOTELS.NS,2025-01-29,2025,NSE Main Board,164.43,,,🟢 Trading Active
Indef Manufacturing Limited,BAJAJINDEF.NS,2025-02-21,2025,NSE Main Board,213.13,,,🟢 Trading Active
Indiqube Spaces Limited,INDIQUBE.NS,2025-07-30,2025,NSE Main Board,187.12,,,🟢 Trading Active
Indo Farm Equipment Limited,INDOFARM.NS,2025-01-07,2025,NSE Main Board,143.33,,,🟢 Trading Active
Indogulf Cropsciences Limited,IGCL.NS,2025-07-03,2025,NSE Main Board,72.09,,,🟢 Trading Active
Ishan Dyes and Chemicals Limited,ISHANCH.NS,2025-03-24,2025,NSE Main Board,47.04,,,🟢 Trading Active
Ivalue Infosolutions Limited,IVALUE.NS,2025-09-25,2025,NSE Main Board,280.3,,,🟢 Trading Active
JSW Cement Limited,JSWCEMENT.NS,2025-08-14,2025,NSE Main Board,127.31,,,🟢 Trading Active
Jain Resource Recycling Limited,JAINREC.NS,2025-10-01,2025,NSE Main Board,296.2,,,🟢 Trading Active
Jaro Institute of Technology Management and Research Limited,JARO.NS,2025-09-30,2025,NSE Main Board,445.5,,,🟢 Trading Active
Jaykay Enterprises Limited,JAYKAY.NS,2025-12-03,2025,NSE Main Board,154.53,,,🟢 Trading Active
Jeena Sikho Lifecare Limited,JSLL.NS,2025-08-11,2025,NSE Main Board,507.95,,,🟢 Trading Active
Jinkushal Industries Limited,JKIPL.NS,2025-10-03,2025,NSE Main Board,97.28,,,🟢 Trading Active
Jubilant Agri and Consumer Products Limited,JUBLCPL.NS,2025-02-14,2025,NSE Main Board,2199.1,,,🟢 Trading Active
KN Agri Resources Limited,KNAGRI.NS,2025-12-09,2025,NSE Main Board,212.8,,,🟢 Trading Active
KSH International Limited,KSHINTL.NS,2025-12-23,2025,NSE Main Board,999.45,,,🟢 Trading Active
KSR Footwear Limited,KSR.NS,2025-11-27,2025,NSE Main Board,28.47,,,🟢 Trading Active
Kalpataru Limited,KALPATARU.NS,2025-07-01,2025,NSE Main Board,280.65,,,🟢 Trading Active
Krishival Foods Limited,KRISHIVAL.NS,2025-06-20,2025,NSE Main Board,355.75,,,🟢 Trading Active
Krishna Defence And Allied Industries Limited,KRISHNADEF.NS,2025-12-30,2025,NSE Main Board,1125.0,,,🟢 Trading Active
LG Electronics India Limited,LGEINDIA.NS,2025-10-14,2025,NSE Main Board,1649.4,,,🟢 Trading Active
Laxmi Dental Limited,LAXMIDENTL.NS,2025-01-20,2025,NSE Main Board,198.39,,,🟢 Trading Active
Laxmi India Finance Limited,LAXMIINDIA.NS,2025-08-05,2025,NSE Main Board,131.38,,,🟢 Trading Active
Le Merite Exports Limited,LEMERITE.NS,2025-12-12,2025,NSE Main Board,23.01,,,🟢 Trading Active
Leela Palaces Hotels & Resorts Limited,THELEELA.NS,2025-06-02,2025,NSE Main Board,519.15,,,🟢 Trading Active
Lenskart Solutions Limited,LENSKART.NS,2025-11-10,2025,NSE Main Board,628.4,,,🟢 Trading Active
M & B Engineering Limited,MBEL.NS,2025-08-06,2025,NSE Main Board,284.35,,,🟢 Trading Active
Magellanic Cloud Limited,MCLOUD.NS,2025-02-07,2025,NSE Main Board,28.85,,,🟢 Trading Active
Mangal Electrical Industries Limited,MEIL.NS,2025-08-28,2025,NSE Main Board,268.7,,,🟢 Trading Active
Mangalam Worldwide Limited,MWL.NS,2025-09-18,2025,NSE Main Board,40.72,,,🟢 Trading Active
Markolines Pavement Technologies Limited,MARKOLINES.NS,2025-10-14,2025,NSE Main Board,171.62,,,🟢 Trading Active
Meesho Limited,MEESHO.NS,2025-12-10,2025,NSE Main Board,192.95,,,🟢 Trading Active
Midwest Limited,MIDWESTLTD.NS,2025-10-24,2025,NSE Main Board,1159.4,,,🟢 Trading Active
Modi Naturals Limited,MODINATUR.NS,2025-12-11,2025,NSE Main Board,361.65,,,🟢 Trading Active
Modis Navnirman Limited,MODIS.NS,2025-11-14,2025,NSE Main Board,408.8,,,🟢 Trading Active
Moneyboxx Finance Limited,MONEYBOXX.NS,2025-10-15,2025,NSE Main Board,56.15,,,🟢 Trading Active
Moschip Technologies Limited,MOSCHIP.NS,2025-02-05,2025,NSE Main Board,209.0,,,🟢 Trading Active
NIBE Limited,NIBE.NS,2025-02-07,2025,NSE Main Board,1444.4,,,🟢 Trading Active
National Securities Depository Limited,NSDL.BO,2025-08-06,2025,BSE Main Board,806.2,,,🟢 Trading Active
Natural Capsules Limited,NATCAPSUQ.NS,2025-02-14,2025,NSE Main Board,146.59,,,🟢 Trading Active
Navkar Urbanstructure Limited,NAVKARURB.NS,2025-01-17,2025,NSE Main Board,0.98,,,🟢 Trading Active
Nephrocare Health Services Limited,NEPHROPLUS.NS,2025-12-17,2025,NSE Main Board,699.1,,,🟢 Trading Active
Network People Services Technologies Limited,NPST.NS,2025-04-30,2025,NSE Main Board,1591.0,,,🟢 Trading Active
Om Freight Forwarders Limited,OMFREIGHT.NS,2025-10-08,2025,NSE Main Board,94.2,,,🟢 Trading Active
Onesource Specialty Pharma Limited,ONESOURCE.NS,2025-01-24,2025,NSE Main Board,1542.3,,,🟢 Trading Active
Orchasp Limited,ORCHASP.NS,2025-02-07,2025,NSE Main Board,1.42,,,🟢 Trading Active
Orkla India Limited,ORKLAINDIA.NS,2025-11-06,2025,NSE Main Board,545.55,,,🟢 Trading Active
Oswal Pumps Limited,OSWALPUMPS.NS,2025-06-20,2025,NSE Main Board,297.95,,,🟢 Trading Active
Pace Digitek Limited,PACEDIGITK.NS,2025-10-06,2025,NSE Main Board,176.66,,,🟢 Trading Active
Park Medi World Limited,PARKHOSPS.NS,2025-12-17,2025,NSE Main Board,276.85,,,🟢 Trading Active
Pashupati Cotspin Limited,PASHUPATI.NS,2025-07-17,2025,NSE Main Board,85.32,,,🟢 Trading Active
Patel Retail Limited,PATELRMART.NS,2025-08-26,2025,NSE Main Board,228.5,,,🟢 Trading Active
Paushak Limited,PAUSHAKLTD.NS,2025-12-01,2025,NSE Main Board,752.35,,,🟢 Trading Active
Physicswallah Limited,PWL.NS,2025-11-18,2025,NSE Main Board,122.05,,,🟢 Trading Active
Piccadily Agro Industries Limited,PICCADIL.NS,2025-07-02,2025,NSE Main Board,692.85,,,🟢 Trading Active
Pine Labs Limited,PINELABS.NS,2025-11-14,2025,NSE Main Board,160.32,,,🟢 Trading Active
Piramal Finance Limited,PIRAMALFIN.NS,2025-11-07,2025,NSE Main Board,2060.5,,,🟢 Trading Active
Prabha Energy Limited,PRABHA.NS,2025-03-19,2025,NSE Main Board,192.2,,,🟢 Trading Active
Primo Chemicals Limited,PRIMO.NS,2025-04-22,2025,NSE Main Board,22.98,,,🟢 Trading Active
Prostarm Info Systems Limited,PROSTARM.NS,2025-06-03,2025,NSE Main Board,132.22,,,🟢 Trading Active
Protean eGov Technologies Limited,PROTEAN.NS,2025-02-06,2025,NSE Main Board,551.75,,,🟢 Trading Active
Quadrant Future Tek Limited,QUADFUTURE.NS,2025-01-14,2025,NSE Main Board,341.0,,,🟢 Trading Active
Quality Power Electrical Equipments Limited,QPOWER.NS,2025-02-24,2025,NSE Main Board,1325.1,,,🟢 Trading Active
R M Drip and Sprinklers Systems Limited,RMDRIP.NS,2025-07-30,2025,NSE Main Board,17.27,,,🟢 Trading Active
R&B Denims Limited,RNBDENIMS.NS,2025-09-04,2025,NSE Main Board,8.46,,,🟢 Trading Active
Rajoo Engineers Limited,RAJOOENG.NS,2025-05-29,2025,NSE Main Board,50.87,,,🟢 Trading Active
Raymond Realty Limited,RAYMONDREL.NS,2025-07-01,2025,NSE Main Board,578.0,,,🟢 Trading Active
Regaal Resources Limited,REGAAL.NS,2025-08-20,2025,NSE Main Board,99.53,,,🟢 Trading Active
Rhetan TMT Limited,RHETAN.NS,2025-09-26,2025,NSE Main Board,21.43,,,🟢 Trading Active
Rubicon Research Limited,RUBICON.NS,2025-10-16,2025,NSE Main Board,1804.1,,,🟢 Trading Active
Rudra Global Infra Products Limited,RUDRA.NS,2025-12-19,2025,NSE Main Board,22.97,,,🟢 Trading Active
SG Finserve Limited,SGFIN.NS,2025-08-05,2025,NSE Main Board,668.45,,,🟢 Trading Active
SG Mart Limited,SGMART.NS,2025-09-12,2025,NSE Main Board,804.95,,,🟢 Trading Active
SKF India (Industrial) Limited,SKFINDUS.NS,2025-12-05,2025,NSE Main Board,2667.6,,,🟢 Trading Active
STL Networks Limited,STLNETWORK.NS,2025-09-04,2025,NSE Main Board,25.68,,,🟢 Trading Active
Saatvik Green Energy Limited,SAATVIKGL.NS,2025-09-26,2025,NSE Main Board,401.45,,,🟢 Trading Active
Sambhv Steel Tubes Limited,SAMBHV.NS,2025-07-02,2025,NSE Main Board,124.34,,,🟢 Trading Active
Scoda Tubes Limited,SCODATUBES.NS,2025-06-04,2025,NSE Main Board,128.91,,,🟢 Trading Active
Seshaasai Technologies Limited,STYL.NS,2025-09-30,2025,NSE Main Board,393.95,,,🟢 Trading Active
Shanti Gold International Limited,SHANTIGOLD.NS,2025-08-01,2025,NSE Main Board,253.85,,,🟢 Trading Active
Shilchar Technologies Limited,SHILCTECH.NS,2025-11-24,2025,NSE Main Board,3944.0,,,🟢 Trading Active
Shiv Aum Steels Limited,SHIVAUM.NS,2025-11-14,2025,NSE Main Board,442.0,,,🟢 Trading Active
Shreeji Shipping Global Limited,SHREEJISPG.NS,2025-08-26,2025,NSE Main Board,625.85,,,🟢 Trading Active
Shringar House of Mangalsutra Limited,SHRINGARMS.NS,2025-09-17,2025,NSE Main Board,224.93,,,🟢 Trading Active
Siemens Energy India Limited,ENRIN.NS,2025-06-19,2025,NSE Main Board,3593.2,,,🟢 Trading Active
Smartworks Coworking Spaces Limited,SMARTWORKS.NS,2025-07-17,2025,NSE Main Board,508.5,,,🟢 Trading Active
Solarworld Energy Solutions Limited,SOLARWORLD.NS,2025-09-30,2025,NSE Main Board,157.66,,,🟢 Trading Active
Solex Energy Limited,SOLEX.NS,2025-10-08,2025,NSE Main Board,809.05,,,🟢 Trading Active
Spectrum Electrical Industries Limited,SPECTRUM.NS,2025-03-28,2025,NSE Main Board,2231.3,,,🟢 Trading Active
Sri Lotus Developers and Realty Limited,LOTUSDEV.NS,2025-08-06,2025,NSE Main Board,169.84,,,🟢 Trading Active
Stallion India Fluorochemicals Limited,STALLION.NS,2025-01-23,2025,NSE Main Board,234.0,,,🟢 Trading Active
Standard Engineering Technology Limited,SETL.NS,2025-01-13,2025,NSE Main Board,308.85,,,🟢 Trading Active
Studds Accessories Limited,STUDDS.NS,2025-11-07,2025,NSE Main Board,449.0,,,🟢 Trading Active
Sudeep Pharma Limited,SUDEEPPHRM.NS,2025-11-28,2025,NSE Main Board,1104.1,,,🟢 Trading Active
Supreme Holdings & Hospitality (India) Limited,SUPREME.NS,2025-02-03,2025,NSE Main Board,41.01,,,🟢 Trading Active
Swan Defence and Heavy Industries Limited,SWANDEF.NS,2025-01-20,2025,NSE Main Board,2379.2,,,🟢 Trading Active
Systematix Corporate Services Limited,SYSTMTXC.NS,2025-10-06,2025,NSE Main Board,58.1,,,🟢 Trading Active
Tata Capital Limited,TATACAP.NS,2025-10-13,2025,NSE Main Board,363.15,,,🟢 Trading Active
Tata Motors Limited,TMCV.NS,2025-11-12,2025,NSE Main Board,471.65,,,🟢 Trading Active
Tenneco Clean Air India Limited,TENNIND.NS,2025-11-19,2025,NSE Main Board,550.3,,,🟢 Trading Active
Tiger Logistics (India) Limited,TIGERLOGS.NS,2025-09-18,2025,NSE Main Board,27.98,,,🟢 Trading Active
Tinna Rubber and Infrastructure Limited,TINNARUBR.NS,2025-04-17,2025,NSE Main Board,1065.1,,,🟢 Trading Active
Travel Food Services Limited,TRAVELFOOD.NS,2025-07-14,2025,NSE Main Board,1346.4,,,🟢 Trading Active
TruAlt Bioenergy Limited,TRUALT.NS,2025-10-03,2025,NSE Main Board,474.5,,,🟢 Trading Active
Urban Company Limited,URBANCO.NS,2025-09-17,2025,NSE Main Board,144.97,,,🟢 Trading Active
VMS TMT Limited,VMSTMT.NS,2025-09-24,2025,NSE Main Board,48.63,,,🟢 Trading Active
Vidya Wires Limited,VIDYAWIRES.NS,2025-12-10,2025,NSE Main Board,88.07,,,🟢 Trading Active
Vikram Solar Limited,VIKRAMSOLR.NS,2025-08-26,2025,NSE Main Board,177.11,,,🟢 Trading Active
Vikran Engineering Limited,VIKRAN.NS,2025-09-03,2025,NSE Main Board,61.09,,,🟢 Trading Active
Waaree Renewable Technologies Limited,WAAREERTL.NS,2025-04-09,2025,NSE Main Board,890.1,,,🟢 Trading Active
Wakefit Innovations Limited,WAKEFIT.NS,2025-12-15,2025,NSE Main Board,131.52,,,🟢 Trading Active
WeWork India Management Limited,WEWORK.NS,2025-10-10,2025,NSE Main Board,696.05,,,🟢 Trading Active
A B Infrabuild Limited,ABINFRA.NS,2024-11-08,2024,NSE Main Board,12.57,,,🟢 Trading Active
Aadhar Housing Finance Limited,AADHARHFC.NS,2024-05-15,2024,NSE Main Board,487.4,,,🟢 Trading Active
Acme Solar Holdings Limited,ACMESOLAR.NS,2024-11-13,2024,NSE Main Board,371.75,,,🟢 Trading Active
Aditya Vision Limited,AVL.NS,2024-11-06,2024,NSE Main Board,614.15,,,🟢 Trading Active
Afcons Infrastructure Limited,AFCONS.NS,2024-11-04,2024,NSE Main Board,280.25,,,🟢 Trading Active
Affordable Robotic & Automation Limited,AFFORDABLE.NS,2024-10-23,2024,NSE Main Board,164.16,,,🟢 Trading Active
Agi Infra Limited,AGIIL.NS,2024-07-15,2024,NSE Main Board,292.85,,,🟢 Trading Active
Akme Fintrade (India) Limited,AFIL.NS,2024-06-26,2024,NSE Main Board,9.36,,,🟢 Trading Active
Akums Drugs and Pharmaceuticals Limited,AKUMS.NS,2024-08-06,2024,NSE Main Board,744.15,,,🟢 Trading Active
Allied Blenders and Distillers Limited,ABDL.NS,2024-07-02,2024,NSE Main Board,612.6,,,🟢 Trading Active
Anuh Pharma Limited,ANUHPHR.NS,2024-12-20,2024,NSE Main Board,75.8,,,🟢 Trading Active
Apeejay Surrendra Park Hotels Limited,PARKHOTELS.NS,2024-02-12,2024,NSE Main Board,116.4,,,🟢 Trading Active
Aqylon Nexus Limited,AQYLON.NS,2024-04-01,2024,NSE Main Board,22.86,,,🟢 Trading Active
Arkade Developers Limited,ARKADE.NS,2024-09-24,2024,NSE Main Board,130.02,,,🟢 Trading Active
Authum Investment & Infrastructure Limited,AIIL.NS,2024-04-23,2024,NSE Main Board,553.25,,,🟢 Trading Active
Avantel Limited,AVANTEL.NS,2024-07-31,2024,NSE Main Board,162.27,,,🟢 Trading Active
Awfis Space Solutions Limited,AWFIS.NS,2024-05-30,2024,NSE Main Board,265.6,,,🟢 Trading Active
BLACKBUCK LIMITED,BLACKBUCK.NS,2024-11-22,2024,NSE Main Board,588.8,,,🟢 Trading Active
BLS E-Services Limited,BLSE.NS,2024-02-06,2024,NSE Main Board,310.6,,,🟢 Trading Active
Baazar Style Retail Limited,STYLEBAAZA.NS,2024-09-06,2024,NSE Main Board,402.65,,,🟢 Trading Active
Bajaj Housing Finance Limited,BAJAJHFL.NS,2024-09-16,2024,NSE Main Board,84.36,,,🟢 Trading Active
Balu Forge Industries Limited,BALUFORGE.NS,2024-04-29,2024,NSE Main Board,542.55,,,🟢 Trading Active
Bansal Wire Industries Limited,BANSALWIRE.NS,2024-07-10,2024,NSE Main Board,321.0,,,🟢 Trading Active
Best Agrolife Limited,BESTAGRO.NS,2024-04-10,2024,NSE Main Board,18.47,,,🟢 Trading Active
Bharti Hexacom Limited,BHARTIHEXA.NS,2024-04-12,2024,NSE Main Board,1600.4,,,🟢 Trading Active
Borosil Scientific Limited,BOROSCI.NS,2024-06-07,2024,NSE Main Board,130.46,,,🟢 Trading Active
Brainbees Solutions Limited,FIRSTCRY.NS,2024-08-13,2024,NSE Main Board,204.65,,,🟢 Trading Active
Capital Small Finance Bank Limited,CAPITALSFB.NS,2024-02-14,2024,NSE Main Board,287.75,,,🟢 Trading Active
Capital Small Finance Bank Ltd,CAPITALSFB.BO,2024-02-14,2024,BSE Main Board,287.0,,,🟢 Trading Active
Carraro India Limited,CARRARO.NS,2024-12-30,2024,NSE Main Board,512.8,,,🟢 Trading Active
Ceigall India Limited,CEIGALL.NS,2024-08-08,2024,NSE Main Board,309.15,,,🟢 Trading Active
Commercial Syn Bags Limited,COMSYN.NS,2024-01-23,2024,NSE Main Board,279.8,,,🟢 Trading Active
Concord Enviro Systems Limited,CEWATER.NS,2024-12-27,2024,NSE Main Board,274.75,,,🟢 Trading Active
DEE Development Engineers Limited,DEEDEV.NS,2024-06-26,2024,NSE Main Board,657.25,,,🟢 Trading Active
Dam Capital Advisors Limited,DAMCAPITAL.NS,2024-12-27,2024,NSE Main Board,147.05,,,🟢 Trading Active
Davangere Sugar Company Limited,DAVANGERE.NS,2024-01-25,2024,NSE Main Board,3.19,,,🟢 Trading Active
Deepak Builders & Engineers India Limited,DBEIL.NS,2024-10-28,2024,NSE Main Board,6.68,,,🟢 Trading Active
Deepak Builders and Engineers India Limited,DBEIL.BO,2024-10-28,2024,BSE Main Board,6.72,,,🟢 Trading Active
Diffusion Engineers Limited,DIFFNKG.NS,2024-10-04,2024,NSE Main Board,408.5,,,🟢 Trading Active
Digidrive Distributors Limited,DIGIDRIVE.NS,2024-01-10,2024,NSE Main Board,17.8,,,🟢 Trading Active
Dolat Algotech Limited,DOLATALGO.NS,2024-01-12,2024,NSE Main Board,71.14,,,🟢 Trading Active
EPACK Durable Limited,EPACK.NS,2024-01-30,2024,NSE Main Board,210.87,,,🟢 Trading Active
Ecos (India) Mobility & Hospitality Limited,ECOSMOBLTY.NS,2024-09-04,2024,NSE Main Board,112.58,,,🟢 Trading Active
Emcure Pharmaceuticals Limited,EMCURE.NS,2024-07-10,2024,NSE Main Board,1874.5,,,🟢 Trading Active
Entero Healthcare Solutions Limited,ENTERO.NS,2024-02-16,2024,NSE Main Board,1408.2,,,🟢 Trading Active
Enviro Infra Engineers Limited,EIEL.NS,2024-11-29,2024,NSE Main Board,197.18,,,🟢 Trading Active
Eureka Forbes Limited,EUREKAFORB.NS,2024-09-11,2024,NSE Main Board,431.95,,,🟢 Trading Active
Exicom Tele-Systems Limited,EXICOM.NS,2024-03-05,2024,NSE Main Board,158.05,,,🟢 Trading Active
FORCE MOTORS LTD,FORCEMOT.NS,2024-02-14,2024,NSE Main Board,18200.0,,,🟢 Trading Active
Filatex Fashions Limited,FILATFASH.NS,2024-05-06,2024,NSE Main Board,0.18,,,🟢 Trading Active
GPT Healthcare Limited,GPTHEALTH.NS,2024-02-29,2024,NSE Main Board,153.13,,,🟢 Trading Active
Gala Precision Engineering Limited,GALAPREC.NS,2024-09-09,2024,NSE Main Board,1059.6,,,🟢 Trading Active
Garuda Construction and Engineering Limited,GARUDA.NS,2024-10-15,2024,NSE Main Board,182.88,,,🟢 Trading Active
Globale Tessile Limited,GLOBALE.NS,2024-08-27,2024,NSE Main Board,11.11,,,🟢 Trading Active
Gloster Limited,GLOSTERLTD.NS,2024-04-26,2024,NSE Main Board,604.7,,,🟢 Trading Active
Go Digit General Insurance Limited,GODIGIT.NS,2024-05-23,2024,NSE Main Board,255.75,,,🟢 Trading Active
Godavari Biorefineries Limited,GODAVARIB.NS,2024-10-30,2024,NSE Main Board,250.3,,,🟢 Trading Active
Gopal Snacks Limited,GOPAL.NS,2024-03-14,2024,NSE Main Board,274.15,,,🟢 Trading Active
Hyundai Motor India Limited,HYUNDAI.NS,2024-10-22,2024,NSE Main Board,2186.0,,,🟢 Trading Active
Indegene Limited,INDGN.NS,2024-05-13,2024,NSE Main Board,567.7,,,🟢 Trading Active
Indo Us Biotech Limited,INDOUS.NS,2024-09-27,2024,NSE Main Board,87.0,,,🟢 Trading Active
Innovana Thinklabs Limited,INNOVANA.NS,2024-12-17,2024,NSE Main Board,305.25,,,🟢 Trading Active
Interarch Building Products Limited,INTERARCH.NS,2024-08-26,2024,NSE Main Board,1725.1,,,🟢 Trading Active
Interarch Building Solutions Limited,INTERARCH.NS,2024-08-26,2024,NSE Main Board,1725.1,,,🟢 Trading Active
International Gemological Institute Limited,IGIL.NS,2024-12-20,2024,NSE Main Board,349.7,,,🟢 Trading Active
Inventurus Knowledge Solutions Limited,IKS.NS,2024-12-19,2024,NSE Main Board,1861.6,,,🟢 Trading Active
J.G.Chemicals Limited,JGCHEM.NS,2024-03-13,2024,NSE Main Board,645.85,,,🟢 Trading Active
JHS Svendgaard Retail Ventures Limited,RETAIL.NS,2024-06-26,2024,NSE Main Board,18.13,,,🟢 Trading Active
JNK India Limited,JNKINDIA.NS,2024-04-30,2024,NSE Main Board,463.95,,,🟢 Trading Active
Jana Small Finance Bank Limited,JSFB.NS,2024-02-14,2024,NSE Main Board,575.0,,,🟢 Trading Active
Juniper Hotels Limited,JUNIPER.NS,2024-02-28,2024,NSE Main Board,197.29,,,🟢 Trading Active
Jyoti CNC Automation Limited,JYOTICNC.NS,2024-01-16,2024,NSE Main Board,929.2,,,🟢 Trading Active
K.P. Energy Limited,KPEL.NS,2024-11-14,2024,NSE Main Board,262.3,,,🟢 Trading Active
KRN Heat Exchanger and Refrigeration Limited,KRN.NS,2024-10-03,2024,NSE Main Board,1522.1,,,🟢 Trading Active
Knowledge Marine & Engineering Works Limited,KMEW.NS,2024-11-14,2024,NSE Main Board,2706.2,,,🟢 Trading Active
Kronox Lab Sciences Limited,KRONOX.NS,2024-06-10,2024,NSE Main Board,151.7,,,🟢 Trading Active
Kross Limited,KROSS.NS,2024-09-16,2024,NSE Main Board,202.5,,,🟢 Trading Active
Krystal Integrated Services Limited,KRYSTAL.NS,2024-03-21,2024,NSE Main Board,620.0,,,🟢 Trading Active
Lancor Holdings Limited,LANCORHOL.NS,2024-03-12,2024,NSE Main Board,28.18,,,🟢 Trading Active
Le Travenues Technology Limited,IXIGO.NS,2024-06-18,2024,NSE Main Board,172.26,,,🟢 Trading Active
Lloyds Enterprises Limited,LLOYDSENT.NS,2024-10-17,2024,NSE Main Board,79.03,,,🟢 Trading Active
Mahalaxmi Fabric Mills Limited,MFML.NS,2024-08-27,2024,NSE Main Board,18.95,,,🟢 Trading Active
Mamata Machinery Limited,MAMATA.NS,2024-12-27,2024,NSE Main Board,411.15,,,🟢 Trading Active
Manba Finance Limited,MANBA.NS,2024-09-30,2024,NSE Main Board,130.11,,,🟢 Trading Active
Mangal Credit and Fincorp Limited,MANCREDIT.NS,2024-08-16,2024,NSE Main Board,227.21,,,🟢 Trading Active
Master Trust Limited,MASTERTR.NS,2024-11-12,2024,NSE Main Board,77.42,,,🟢 Trading Active
Medi Assist Healthcare Services Limited,MEDIASSIST.NS,2024-01-23,2024,NSE Main Board,346.8,,,🟢 Trading Active
Mukka Proteins Limited,MUKKA.NS,2024-03-07,2024,NSE Main Board,27.04,,,🟢 Trading Active
NTPC Green Energy Limited,NTPCGREEN.NS,2024-11-27,2024,NSE Main Board,92.17,,,🟢 Trading Active
Niva Bupa Health Insurance Company Limited,NIVABUPA.NS,2024-11-14,2024,NSE Main Board,83.74,,,🟢 Trading Active
Northern Arc Capital Limited,NORTHARC.NS,2024-09-24,2024,NSE Main Board,289.2,,,🟢 Trading Active
Northern Arc Capital Ltd.,NORTHARC.NS,2024-09-24,2024,NSE Main Board,289.2,,,🟢 Trading Active
Nova Agritech Limited,NOVAAGRI.NS,2024-01-31,2024,NSE Main Board,25.52,,,🟢 Trading Active
OCCL Limited,OCCLLTD.NS,2024-10-29,2024,NSE Main Board,164.81,,,🟢 Trading Active
Odigma Consultancy Solutions Limited,ODIGMA.NS,2024-12-12,2024,NSE Main Board,22.88,,,🟢 Trading Active
Ola Electric Mobility Limited,OLAELEC.NS,2024-08-09,2024,NSE Main Board,38.61,,,🟢 Trading Active
One Mobikwik Systems Limited,MOBIKWIK.NS,2024-12-18,2024,NSE Main Board,198.99,,,🟢 Trading Active
Orient Technologies Limited,ORIENTTECH.NS,2024-08-28,2024,NSE Main Board,249.6,,,🟢 Trading Active
P N Gadgil Jewellers Limited,PNGJL.NS,2024-09-17,2024,NSE Main Board,607.85,,,🟢 Trading Active
Platinum Industries Limited,PLATIND.NS,2024-03-05,2024,NSE Main Board,209.69,,,🟢 Trading Active
Popular Vehicles and Services Limited,PVSL.NS,2024-03-19,2024,NSE Main Board,118.25,,,🟢 Trading Active
Premier Energies Limited,PREMIERENE.NS,2024-09-03,2024,NSE Main Board,1014.7,,,🟢 Trading Active
R K Swamy Limited,RKSWAMY.NS,2024-03-12,2024,NSE Main Board,98.25,,,🟢 Trading Active
RACL Geartech Limited,RACLGEAR.NS,2024-11-27,2024,NSE Main Board,1399.1,,,🟢 Trading Active
Raghav Productivity Enhancers Limited,RPEL.NS,2024-08-08,2024,NSE Main Board,1495.2,,,🟢 Trading Active
Rashi Peripherals Limited,RPTECH.NS,2024-02-14,2024,NSE Main Board,861.1,,,🟢 Trading Active
Ravindra Energy Limited,RELTD.NS,2024-07-30,2024,NSE Main Board,158.85,,,🟢 Trading Active
Raymond Lifestyle Limited,RAYMONDLSL.NS,2024-09-05,2024,NSE Main Board,748.4,,,🟢 Trading Active
Reliable Data Services Limited,RELIABLE.NS,2024-07-10,2024,NSE Main Board,140.77,,,🟢 Trading Active
Revathi Equipment India Limited,RVTH.NS,2024-09-11,2024,NSE Main Board,730.0,,,🟢 Trading Active
Rossell Techsys Limited,ROSSTECH.NS,2024-12-09,2024,NSE Main Board,1103.55,,,🟢 Trading Active
Rubfila International Limited,RUBFILA.NS,2024-08-08,2024,NSE Main Board,68.84,,,🟢 Trading Active
SAGILITY LIMITED,SAGILITY.NS,2024-11-12,2024,NSE Main Board,42.16,,,🟢 Trading Active
SRM Contractors Limited,SRM.NS,2024-04-03,2024,NSE Main Board,485.45,,,🟢 Trading Active
Sagility India Limited,SAGILITY.BO,2024-11-12,2024,BSE Main Board,42.15,,,🟢 Trading Active
Sai Life Sciences Limited,SAILIFE.NS,2024-12-18,2024,NSE Main Board,1440.1,,,🟢 Trading Active
Sanathan Textiles Limited,SANATHAN.NS,2024-12-27,2024,NSE Main Board,454.6,,,🟢 Trading Active
Sanofi Consumer Healthcare India Limited,SANOFICONR.NS,2024-09-13,2024,NSE Main Board,4336.6,,,🟢 Trading Active
Sanstar Limited,SANSTAR.NS,2024-07-26,2024,NSE Main Board,107.29,,,🟢 Trading Active
Saraswati Saree Depot Limited,SSDL.NS,2024-08-20,2024,NSE Main Board,60.84,,,🟢 Trading Active
Saurashtra Cement Limited,SAURASHCEM.NS,2024-02-27,2024,NSE Main Board,58.72,,,🟢 Trading Active
Senores Pharmaceuticals Limited,SENORES.NS,2024-12-30,2024,NSE Main Board,1537.5,,,🟢 Trading Active
Shankar Lal Rampal Dye-Chem Limited,SRD.NS,2024-10-09,2024,NSE Main Board,40.43,,,🟢 Trading Active
Shipping Corporation of India Land and Assets Limited,SCILAL.NS,2024-03-19,2024,NSE Main Board,40.52,,,🟢 Trading Active
Shree Tirupati Balajee Agro Trading Company Limited,BALAJEE.NS,2024-09-12,2024,NSE Main Board,26.85,,,🟢 Trading Active
Signpost India Limited,SIGNPOST.NS,2024-02-14,2024,NSE Main Board,273.4,,,🟢 Trading Active
Sinclairs Hotels Limited,SINCLAIR.NS,2024-04-10,2024,NSE Main Board,74.98,,,🟢 Trading Active
Stanley Lifestyles Limited,STANLEY.NS,2024-06-28,2024,NSE Main Board,135.0,,,🟢 Trading Active
Suraj Limited,SURAJLTD.NS,2024-08-29,2024,NSE Main Board,209.45,,,🟢 Trading Active
Suraksha Diagnostic Limited,SURAKSHA.NS,2024-12-06,2024,NSE Main Board,318.3,,,🟢 Trading Active
Suyog Telematics Limited,SUYOG.NS,2024-08-20,2024,NSE Main Board,801.2,,,🟢 Trading Active
Swiggy Limited,SWIGGY.NS,2024-11-13,2024,NSE Main Board,274.0,,,🟢 Trading Active
TBO Tek Limited,TBOTEK.NS,2024-05-15,2024,NSE Main Board,1708.2,,,🟢 Trading Active
Tara Chand InfraLogistic Solutions Limited,TARACHAND.NS,2024-04-16,2024,NSE Main Board,46.96,,,🟢 Trading Active
Tolins Tyres Limited,TOLINS.NS,2024-09-16,2024,NSE Main Board,95.55,,,🟢 Trading Active
Transrail Lighting Limited,TRANSRAILL.NS,2024-12-27,2024,NSE Main Board,459.0,,,🟢 Trading Active
U. Y. Fincorp Limited,UYFINCORP.NS,2024-10-03,2024,NSE Main Board,20.37,,,🟢 Trading Active
Ujaas Energy Limited,UEL.NS,2024-04-16,2024,NSE Main Board,211.36,,,🟢 Trading Active
Unicommerce Esolutions Limited,UNIECOM.NS,2024-08-13,2024,NSE Main Board,87.9,,,🟢 Trading Active
Unimech Aerospace and Manufacturing Limited,UNIMECH.NS,2024-12-31,2024,NSE Main Board,1517.4,,,🟢 Trading Active
Ventive Hospitality Limited,VENTIVE.NS,2024-12-30,2024,NSE Main Board,585.7,,,🟢 Trading Active
Vibhor Steel Tubes Limited,VSTL.NS,2024-02-20,2024,NSE Main Board,106.44,,,🟢 Trading Active
Viceroy Hotels Limited,VHLTD.NS,2024-04-03,2024,NSE Main Board,129.74,,,🟢 Trading Active
Vintage Coffee And Beverages Limited,VINCOFE.NS,2024-10-18,2024,NSE Main Board,148.16,,,🟢 Trading Active
Vishal Mega Mart Limited,VMM.NS,2024-12-18,2024,NSE Main Board,103.71,,,🟢 Trading Active
Vraj Iron and Steel Limited,VRAJ.NS,2024-07-03,2024,NSE Main Board,121.48,,,🟢 Trading Active
Waaree Energies Limited,WAAREEENER.NS,2024-10-28,2024,NSE Main Board,2709.1,,,🟢 Trading Active
Western Carriers (India) Limited,WCIL.NS,2024-09-24,2024,NSE Main Board,86.27,,,🟢 Trading Active
Xtglobal Infotech Limited,XTGLOBAL.NS,2024-09-16,2024,NSE Main Board,29.74,,,🟢 Trading Active
AKI India Limited,AKI.NS,2023-04-06,2023,NSE Main Board,4.19,,,🟢 Trading Active
ASK Automotive Limited,ASKAUTOLTD.NS,2023-11-15,2023,NSE Main Board,638.25,,,🟢 Trading Active
AVG Logistics Limited,AVG.NS,2023-05-12,2023,NSE Main Board,198.42,,,🟢 Trading Active
Aartech Solonics Limited,AARTECH.NS,2023-07-10,2023,NSE Main Board,51.38,,,🟢 Trading Active
Aarti Pharmalabs Limited,AARTIPHARM.NS,2023-01-30,2023,NSE Main Board,874.55,,,🟢 Trading Active
Aeroflex Industries Limited,AEROFLEX.NS,2023-08-31,2023,NSE Main Board,485.85,,,🟢 Trading Active
Aeroflex Neu Limited,AERONEU.NS,2023-01-12,2023,NSE Main Board,81.57,,,🟢 Trading Active
Allcargo Terminals Limited,ATL.NS,2023-08-10,2023,NSE Main Board,23.68,,,🟢 Trading Active
Amines & Plasticizers Limited,AMNPLST.NS,2023-11-10,2023,NSE Main Board,185.83,,,🟢 Trading Active
Andhra Cements Limited,ACL.NS,2023-05-10,2023,NSE Main Board,46.37,,,🟢 Trading Active
Ashoka Metcast Limited,ASHOKAMET.NS,2023-06-27,2023,NSE Main Board,13.4,,,🟢 Trading Active
Atal Realtech Limited,ATALREAL.NS,2023-05-12,2023,NSE Main Board,33.93,,,🟢 Trading Active
Atam Valves Limited,ATAM.NS,2023-05-10,2023,NSE Main Board,59.75,,,🟢 Trading Active
Avalon Technologies Limited,AVALON.NS,2023-04-18,2023,NSE Main Board,2197.3,,,🟢 Trading Active
Avio Smart Market Stack Limited,ASMS.NS,2023-02-09,2023,NSE Main Board,7.04,,,🟢 Trading Active
Avonmore Capital & Management Services Limited,AVONMORE.NS,2023-01-04,2023,NSE Main Board,13.18,,,🟢 Trading Active
Azad Engineering Limited,AZAD.NS,2023-12-28,2023,NSE Main Board,2858.9,,,🟢 Trading Active
BEML Land Assets Limited,BLAL.NS,2023-04-19,2023,NSE Main Board,170.71,,,🟢 Trading Active
Baid Finserv Limited,BAIDFIN.NS,2023-01-20,2023,NSE Main Board,9.74,,,🟢 Trading Active
Bajel Projects Limited,BAJEL.NS,2023-12-19,2023,NSE Main Board,183.22,,,🟢 Trading Active
Blue Jet Healthcare Limited,BLUEJET.NS,2023-11-01,2023,NSE Main Board,607.25,,,🟢 Trading Active
Bodhi Tree Multimedia Limited,BTML.NS,2023-02-15,2023,NSE Main Board,8.93,,,🟢 Trading Active
Cello World Limited,CELLO.NS,2023-11-06,2023,NSE Main Board,362.6,,,🟢 Trading Active
Concord Biotech Limited,CONCORDBIO.NS,2023-08-18,2023,NSE Main Board,1565.7,,,🟢 Trading Active
Credo Brands Marketing Limited,MUFTI.NS,2023-12-27,2023,NSE Main Board,78.28,,,🟢 Trading Active
Cyient DLM Limited,CYIENTDLM.NS,2023-07-10,2023,NSE Main Board,736.1,,,🟢 Trading Active
DOMS Industries Limited,DOMS.NS,2023-12-20,2023,NSE Main Board,2218.6,,,🟢 Trading Active
Diamines & Chemicals Limited,DIAMINESQ.NS,2023-09-25,2023,NSE Main Board,236.71,,,🟢 Trading Active
Diamond Power Infrastructure Limited,DIACABS.NS,2023-09-15,2023,NSE Main Board,367.95,,,🟢 Trading Active
Divgi Torqtransfer Systems Limited,DIVGIITTS.NS,2023-03-14,2023,NSE Main Board,1259.0,,,🟢 Trading Active
Dolphin Offshore Enterprises (India) Limited,DOLPHIN.NS,2023-08-21,2023,NSE Main Board,619.4,,,🟢 Trading Active
EMS Limited,EMSLIMITED.NS,2023-09-21,2023,NSE Main Board,375.75,,,🟢 Trading Active
ESAF Small Finance Bank Limited,ESAFSFB.NS,2023-11-10,2023,NSE Main Board,40.41,,,🟢 Trading Active
ESAF Small Finance Bank Ltd,ESAFSFB.NS,2023-11-10,2023,NSE Main Board,40.41,,,🟢 Trading Active
Fedbank Financial Services Limited,FEDFINA.NS,2023-11-30,2023,NSE Main Board,150.86,,,🟢 Trading Active
Flair Writing Industries Limited,FLAIR.NS,2023-12-01,2023,NSE Main Board,252.05,,,🟢 Trading Active
GHCL Textiles Limited,GHCLTEXTIL.NS,2023-06-12,2023,NSE Main Board,127.94,,,🟢 Trading Active
Gandhar Oil Refinery (India) Limited,GANDHAR.NS,2023-11-30,2023,NSE Main Board,255.1,,,🟢 Trading Active
Gensol Engineering Limited,GENSOL.NS,2023-07-03,2023,NSE Main Board,18.32,,,🟢 Trading Active
Global Surfaces Limited,GSLSU.NS,2023-03-23,2023,NSE Main Board,35.18,,,🟢 Trading Active
HLE Glascoat Limited,HLEGLAS.NS,2023-02-09,2023,NSE Main Board,306.2,,,🟢 Trading Active
HMA Agro Industries Limited,HMAAGRO.NS,2023-07-04,2023,NSE Main Board,22.02,,,🟢 Trading Active
Happy Forgings Limited,HAPPYFORGE.NS,2023-12-27,2023,NSE Main Board,2260.6,,,🟢 Trading Active
Hindustan Foods Limited,HNDFDS.NS,2023-06-06,2023,NSE Main Board,635.6,,,🟢 Trading Active
Honasa Consumer Limited,HONASA.NS,2023-11-07,2023,NSE Main Board,474.6,,,🟢 Trading Active
IKIO Lighting Limited,IKIO.NS,2023-06-16,2023,NSE Main Board,196.99,,,🟢 Trading Active
IKIO Technologies Limited,IKIO.NS,2023-06-16,2023,NSE Main Board,196.99,,,🟢 Trading Active
INOX India Limited,INOXINDIA.NS,2023-12-21,2023,NSE Main Board,1958.1,,,🟢 Trading Active
IRM Energy Limited,IRMENERGY.NS,2023-10-26,2023,NSE Main Board,290.25,,,🟢 Trading Active
Ideaforge Technology Limited,IDEAFORGE.NS,2023-07-07,2023,NSE Main Board,834.85,,,🟢 Trading Active
India Shelter Finance Corporation Limited,INDIASHLTR.NS,2023-12-20,2023,NSE Main Board,669.05,,,🟢 Trading Active
Indian Renewable Energy Development Agency Limited,IREDA.NS,2023-11-29,2023,NSE Main Board,115.27,,,🟢 Trading Active
Innova Captab Limited,INNOVACAP.NS,2023-12-29,2023,NSE Main Board,1043.0,,,🟢 Trading Active
JSW Infrastructure Limited,JSWINFRA.NS,2023-10-03,2023,NSE Main Board,328.65,,,🟢 Trading Active
JTL INDUSTRIES LIMITED,JTLIND.NS,2023-06-12,2023,NSE Main Board,74.8,,,🟢 Trading Active
Jio Financial Services Limited,JIOFIN.NS,2023-08-21,2023,NSE Main Board,245.8,,,🟢 Trading Active
Jupiter Life Line Hospitals Limited,JLHL.NS,2023-09-18,2023,NSE Main Board,318.2,,,🟢 Trading Active
Kamdhenu Ventures Limited,KAMOPAINTS.NS,2023-01-24,2023,NSE Main Board,4.38,,,🟢 Trading Active
Kirloskar Pneumatic Company Limited,KIRLPNU.NS,2023-04-26,2023,NSE Main Board,760.2,,,🟢 Trading Active
Latteys Industries Limited,LATTEYS.NS,2023-05-23,2023,NSE Main Board,23.03,,,🟢 Trading Active
Laxmi Goldorna House Limited,LGHL.NS,2023-11-10,2023,NSE Main Board,180.84,,,🟢 Trading Active
Lexus Granito (India) Limited,LEXUS.NS,2023-03-13,2023,NSE Main Board,13.55,,,🟢 Trading Active
Lloyds Metals And Energy Limited,LLOYDSME.NS,2023-07-17,2023,NSE Main Board,1938.6,,,🟢 Trading Active
Lords Chloro Alkali Limited,LORDSCHLO.NS,2023-08-28,2023,NSE Main Board,133.42,,,🟢 Trading Active
Lorenzini Apparels Limited,LAL.NS,2023-04-10,2023,NSE Main Board,8.63,,,🟢 Trading Active
M K Proteins Limited,MKPL.NS,2023-06-13,2023,NSE Main Board,4.16,,,🟢 Trading Active
MANOJ VAIBHAV GEMS 'N' JEWELLERS LIMITED,MVGJL.BO,2023-10-03,2023,BSE Main Board,150.9,,,🟢 Trading Active
Mankind Pharma Limited,MANKIND.NS,2023-05-09,2023,NSE Main Board,2380.0,,,🟢 Trading Active
Manoj Vaibhav Gems N Jewellers Limited,MVGJL.NS,2023-10-03,2023,NSE Main Board,150.48,,,🟢 Trading Active
Manomay Tex India Limited,MANOMAY.NS,2023-01-18,2023,NSE Main Board,216.55,,,🟢 Trading Active
Max Estates Limited,MAXESTATES.NS,2023-10-30,2023,NSE Main Board,477.85,,,🟢 Trading Active
Motisons Jewellers Limited,MOTISONS.NS,2023-12-26,2023,NSE Main Board,16.78,,,🟢 Trading Active
Mufin Green Finance Limited,MUFIN.NS,2023-11-06,2023,NSE Main Board,135.82,,,🟢 Trading Active
Muthoot Microfin Limited,MUTHOOTMF.NS,2023-12-26,2023,NSE Main Board,210.29,,,🟢 Trading Active
NIIT Learning Systems Limited,NIITMTS.NS,2023-08-08,2023,NSE Main Board,235.53,,,🟢 Trading Active
NINtec Systems Limited,NINSYS.NS,2023-02-21,2023,NSE Main Board,729.0,,,🟢 Trading Active
NMDC Steel Limited,NSLNISP.NS,2023-02-20,2023,NSE Main Board,40.49,,,🟢 Trading Active
Nestle India Limited,NESTLEIND.NS,2023-08-01,2023,NSE Main Board,1462.5,,,🟢 Trading Active
Netweb Technologies India Limited,NETWEB.NS,2023-07-27,2023,NSE Main Board,5354.5,,,🟢 Trading Active
Nupur Recyclers Limited,NRL.NS,2023-01-12,2023,NSE Main Board,115.0,,,🟢 Trading Active
Nuvama Wealth Management Limited,NUVAMA.NS,2023-09-26,2023,NSE Main Board,1746.8,,,🟢 Trading Active
PAKKA LIMITED,PAKKA.NS,2023-07-11,2023,NSE Main Board,95.49,,,🟢 Trading Active
PTC Industries Limited,PTCIL.NS,2023-06-09,2023,NSE Main Board,19791.0,,,🟢 Trading Active
Pavna Industries Limited,PAVNAIND.NS,2023-06-01,2023,NSE Main Board,18.15,,,🟢 Trading Active
Plaza Wires Limited,PLAZACABLE.NS,2023-10-12,2023,NSE Main Board,52.38,,,🟢 Trading Active
Pondy Oxides & Chemicals Limited,POCL.NS,2023-03-06,2023,NSE Main Board,500.85,,,🟢 Trading Active
Power & Instrumentation (Gujarat) Limited,PIGL.NS,2023-05-17,2023,NSE Main Board,106.21,,,🟢 Trading Active
Pyramid Technoplast Limited,PYRAMID.NS,2023-08-29,2023,NSE Main Board,163.55,,,🟢 Trading Active
R R Kabel Limited,RRKABEL.NS,2023-09-20,2023,NSE Main Board,2784.9,,,🟢 Trading Active
RBZ Jewellers Limited,RBZJEWEL.NS,2023-12-27,2023,NSE Main Board,134.58,,,🟢 Trading Active
Race Eco Chain Limited,RACE.NS,2023-05-09,2023,NSE Main Board,103.86,,,🟢 Trading Active
Radiant Cash Management Services Limited,RADIANTCMS.NS,2023-01-04,2023,NSE Main Board,34.45,,,🟢 Trading Active
Ratnaveer Precision Engineering Limited,RATNAVEER.NS,2023-09-11,2023,NSE Main Board,252.19,,,🟢 Trading Active
Redtape Limited,REDTAPE.NS,2023-08-11,2023,NSE Main Board,124.71,,,🟢 Trading Active
Rishabh Instruments Limited,RISHABH.NS,2023-09-11,2023,NSE Main Board,665.75,,,🟢 Trading Active
Robust Hotels Limited,RHL.NS,2023-04-25,2023,NSE Main Board,169.47,,,🟢 Trading Active
SBFC Finance Limited,SBFC.NS,2023-08-16,2023,NSE Main Board,93.67,,,🟢 Trading Active
SKY GOLD AND DIAMONDS LIMITED,SKYGOLD.NS,2023-01-06,2023,NSE Main Board,795.05,,,🟢 Trading Active
SRG Housing Finance Limited,SRGHFL.NS,2023-08-21,2023,NSE Main Board,259.1,,,🟢 Trading Active
Sadhana Nitrochem Limited,SADHNANIQ.NS,2023-05-05,2023,NSE Main Board,3.03,,,🟢 Trading Active
Sah Polymers Limited,SAHLIBHFI.NS,2023-01-12,2023,NSE Main Board,70.0,,,🟢 Trading Active
Sahyadri Industries Limited,SAHYADRI.NS,2023-04-06,2023,NSE Main Board,375.55,,,🟢 Trading Active
Sai Silks (Kalamandir) Limited,KALAMANDIR.NS,2023-09-27,2023,NSE Main Board,85.72,,,🟢 Trading Active
Samhi Hotels Limited,SAMHI.NS,2023-09-22,2023,NSE Main Board,160.03,,,🟢 Trading Active
Sandur Manganese & Iron Ores Limited,SANDUMA.NS,2023-09-07,2023,NSE Main Board,200.0,,,🟢 Trading Active
SecMark Consultancy Limited,SECMARK.NS,2023-10-16,2023,NSE Main Board,124.97,,,🟢 Trading Active
Senco Gold Limited,SENCO.NS,2023-07-14,2023,NSE Main Board,336.75,,,🟢 Trading Active
Shree Vasu Logistics Limited,SVLL.NS,2023-04-21,2023,NSE Main Board,771.0,,,🟢 Trading Active
ShreeOswal Seeds And Chemicals Limited,OSWALSEEDS.NS,2023-02-28,2023,NSE Main Board,12.92,,,🟢 Trading Active
Sical Logistics Limited,SICALLOG.NS,2023-10-12,2023,NSE Main Board,111.65,,,🟢 Trading Active
Sigma Solve Limited,SIGMA.NS,2023-06-09,2023,NSE Main Board,45.62,,,🟢 Trading Active
Signatureglobal (India) Limited,SIGNATURE.NS,2023-09-27,2023,NSE Main Board,800.95,,,🟢 Trading Active
Sindhu Trade Links Limited,SINDHUTRAD.NS,2023-06-20,2023,NSE Main Board,24.99,,,🟢 Trading Active
Sundaram Clayton Limited,SUNCLAY.NS,2023-12-29,2023,NSE Main Board,1292.1,,,🟢 Trading Active
Suraj Estate Developers Limited,SURAJEST.NS,2023-12-26,2023,NSE Main Board,208.19,,,🟢 Trading Active
Suratwwala Business Group Limited,SBGLP.NS,2023-02-10,2023,NSE Main Board,25.25,,,🟢 Trading Active
TVS Supply Chain Solutions Limited,TVSSCS.NS,2023-08-23,2023,NSE Main Board,122.17,,,🟢 Trading Active
Tata Technologies Limited,TATATECH.NS,2023-11-30,2023,NSE Main Board,835.8,,,🟢 Trading Active
Thejo Engineering Limited,THEJO.NS,2023-10-10,2023,NSE Main Board,2051.4,,,🟢 Trading Active
Transindia Real Estate Limited,TREL.NS,2023-08-10,2023,NSE Main Board,26.79,,,🟢 Trading Active
TruCap Finance Limited,TRU.NS,2023-06-20,2023,NSE Main Board,4.41,,,🟢 Trading Active
Twamev Construction and Infrastructure Limited,TICL.NS,2023-10-16,2023,NSE Main Board,9.54,,,🟢 Trading Active
Udayshivakumar Infra Limited,USK.NS,2023-04-03,2023,NSE Main Board,22.43,,,🟢 Trading Active
Updater Services Limited,UDS.NS,2023-10-04,2023,NSE Main Board,210.79,,,🟢 Trading Active
Uravi Defence and Technology Limited,URAVIDEF.NS,2023-07-05,2023,NSE Main Board,105.09,,,🟢 Trading Active
Utkarsh Small Finance Bank Limited,UTKARSHBNK.NS,2023-07-21,2023,NSE Main Board,14.05,,,🟢 Trading Active
VL E-Governance & IT Solutions Limited,VLEGOV.NS,2023-08-14,2023,NSE Main Board,9.54,,,🟢 Trading Active
Valiant Laboratories Limited,VALIANTLAB.NS,2023-10-06,2023,NSE Main Board,90.85,,,🟢 Trading Active
Virinchi Limited,VIRINCHI.NS,2023-05-03,2023,NSE Main Board,15.04,,,🟢 Trading Active
Vishnu Prakash R Punglia Limited,VPRPL.NS,2023-09-05,2023,NSE Main Board,34.76,,,🟢 Trading Active
WESTLIFE FOODWORLD LIMITED,WESTLIFE.NS,2023-06-05,2023,NSE Main Board,587.75,,,🟢 Trading Active
Yasho Industries Limited,YASHO.NS,2023-08-21,2023,NSE Main Board,4915.8,,,🟢 Trading Active
Yatharth Hospital & Trauma Care Services Limited,YATHARTH.NS,2023-08-07,2023,NSE Main Board,854.0,,,🟢 Trading Active
Yatra Online Limited,YATRA.NS,2023-09-28,2023,NSE Main Board,115.5,,,🟢 Trading Active
Zaggle Prepaid Ocean Services Limited,ZAGGLE.NS,2023-09-22,2023,NSE Main Board,165.88,,,🟢 Trading Active
AAA Technologies Limited,AAATECH.NS,2022-11-28,2022,NSE Main Board,92.81,,,🟢 Trading Active
AGS Transact Technologies Limited,AGSTRA.NS,2022-01-31,2022,NSE Main Board,2.02,,,🟢 Trading Active
AVRO INDIA LIMITED,AVROIND.NS,2022-04-07,2022,NSE Main Board,8.8,,,🟢 Trading Active
AWL Agri Business Limited,AWL.NS,2022-02-08,2022,NSE Main Board,190.04,,,🟢 Trading Active
Abans Financial Services Limited,AFSL.NS,2022-12-23,2022,NSE Main Board,205.55,,,🟢 Trading Active
Abans Holdings Limited,AFSL.NS,2022-12-23,2022,NSE Main Board,205.55,,,🟢 Trading Active
Ace Integrated Solutions Limited,ACEINTEG.NS,2022-11-04,2022,NSE Main Board,18.27,,,🟢 Trading Active
Adani Wilmar Limited,ADANIPOWER.BO,2022-02-08,2022,BSE Main Board,204.5,,,🟢 Trading Active
Aeroflex Enterprises Limited,AEROENTER.NS,2022-11-21,2022,NSE Main Board,130.89,,,🟢 Trading Active
Aether Industries Limited,AETHER.NS,2022-06-03,2022,NSE Main Board,1633.6,,,🟢 Trading Active
Akshar Spintex Limited,AKSHAR.NS,2022-05-23,2022,NSE Main Board,0.41,,,🟢 Trading Active
Archean Chemical Industries Limited,ACI.NS,2022-11-21,2022,NSE Main Board,512.9,,,🟢 Trading Active
Axita Cotton Limited,AXITA.NS,2022-06-21,2022,NSE Main Board,7.29,,,🟢 Trading Active
B&B Triplewall Containers Limited,BBTCL.NS,2022-11-23,2022,NSE Main Board,238.82,,,🟢 Trading Active
B.L.Kashyap & Sons Ltd.,BLKASHYAP.BO,2022-01-01,2022,BSE Main Board,52.65,,,🟢 Trading Active
Bikaji Foods International Limited,BIKAJI.NS,2022-11-16,2022,NSE Main Board,608.65,,,🟢 Trading Active
Bohra Industries Limited,BOHRAIND.NS,2022-10-27,2022,NSE Main Board,14.99,,,🟢 Trading Active
Brand Concepts Limited,BCONCEPTS.NS,2022-01-11,2022,NSE Main Board,159.8,,,🟢 Trading Active
CSL Finance Limited,CSLFINANCE.NS,2022-07-21,2022,NSE Main Board,221.0,,,🟢 Trading Active
Campus Activewear Limited,CAMPUS.NS,2022-05-09,2022,NSE Main Board,216.63,,,🟢 Trading Active
Cheviot Company Limited,CHEVIOT.NS,2022-06-20,2022,NSE Main Board,1165.6,,,🟢 Trading Active
Choice International Limited,CHOICEIN.NS,2022-04-08,2022,NSE Main Board,803.6,,,🟢 Trading Active
Crown Lifters Limited,CROWN.NS,2022-02-08,2022,NSE Main Board,107.63,,,🟢 Trading Active
D.S.Kulkarni Developers Ltd.,DSKULKARNI.BO,2022-01-01,2022,BSE Main Board,9.03,,,🟢 Trading Active
DCX Systems Limited,DCXINDIA.NS,2022-11-11,2022,NSE Main Board,179.12,,,🟢 Trading Active
DJ Mediaprint & Logistics Limited,DJML.NS,2022-12-05,2022,NSE Main Board,105.46,,,🟢 Trading Active
Dc Infotech And Communication Limited,DCI.NS,2022-10-19,2022,NSE Main Board,373.0,,,🟢 Trading Active
Delhivery Limited,DELHIVERY.NS,2022-05-24,2022,NSE Main Board,451.8,,,🟢 Trading Active
Dev Information Technology Limited,DEVIT.NS,2022-02-15,2022,NSE Main Board,25.25,,,🟢 Trading Active
Dhampur Bio Organics Limited,DBOL.NS,2022-09-08,2022,NSE Main Board,121.99,,,🟢 Trading Active
Dharmaj Crop Guard Limited,DHARMAJ.NS,2022-12-08,2022,NSE Main Board,270.0,,,🟢 Trading Active
Dreamfolks Services Limited,DREAMFOLKS.NS,2022-09-06,2022,NSE Main Board,66.65,,,🟢 Trading Active
Dynamic Cables Limited,DYCL.NS,2022-07-27,2022,NSE Main Board,452.9,,,🟢 Trading Active
E2E Networks Limited,E2E.NS,2022-04-12,2022,NSE Main Board,664.55,,,🟢 Trading Active
Eldeco Housing And Industries Limited,ELDEHSG.NS,2022-04-12,2022,NSE Main Board,817.5,,,🟢 Trading Active
Electronics Mart India Limited,EMIL.NS,2022-10-17,2022,NSE Main Board,191.35,,,🟢 Trading Active
Elin Electronics Limited,ELIN.NS,2022-12-30,2022,NSE Main Board,101.41,,,🟢 Trading Active
Ethos Limited,ETHOSLTD.NS,2022-05-30,2022,NSE Main Board,2892.2,,,🟢 Trading Active
Faze Three Limited,FAZE3Q.NS,2022-11-18,2022,NSE Main Board,483.7,,,🟢 Trading Active
Fiberweb (India) Limited,FIBERWEB.NS,2022-02-16,2022,NSE Main Board,26.48,,,🟢 Trading Active
Five-Star Business Finance Limited,FIVESTAR.NS,2022-11-21,2022,NSE Main Board,535.35,,,🟢 Trading Active
Five-Star Business Finance Ltd.,FIVESTAR.BO,2022-11-21,2022,BSE Main Board,535.45,,,🟢 Trading Active
Fusion Finance Limited,FUSION.NS,2022-11-15,2022,NSE Main Board,189.87,,,🟢 Trading Active
GMR Power and Urban Infra Limited,GMRP&UI.NS,2022-03-23,2022,NSE Main Board,96.3,,,🟢 Trading Active
GRM Overseas Limited,GRMOVER.NS,2022-09-07,2022,NSE Main Board,87.51,,,🟢 Trading Active
GVK Power & Infrastructure Ltd.,GVKPIL.NS,2022-01-01,2022,NSE Main Board,2.33,,,🟢 Trading Active
GVP Infotech Limited,GVPTECH.NS,2022-09-06,2022,NSE Main Board,6.98,,,🟢 Trading Active
Garware Hi-Tech Films Limited,GRWRHITECH.NS,2022-02-03,2022,NSE Main Board,7101.0,,,🟢 Trading Active
Gateway Distriparks Limited,GATEWAY.NS,2022-03-22,2022,NSE Main Board,54.51,,,🟢 Trading Active
Global Health Limited,MEDANTA.NS,2022-11-16,2022,NSE Main Board,1442.7,,,🟢 Trading Active
Goyal Aluminiums Limited,GOYALALUM.NS,2022-11-04,2022,NSE Main Board,6.33,,,🟢 Trading Active
Hardwyn India Limited,HARDWYN.NS,2022-04-12,2022,NSE Main Board,9.42,,,🟢 Trading Active
Hariom Pipe Industries Limited,HARIOMPIPE.NS,2022-04-13,2022,NSE Main Board,352.95,,,🟢 Trading Active
Harsha Engineers International Limited,HARSHA.NS,2022-09-26,2022,NSE Main Board,436.4,,,🟢 Trading Active
Hindprakash Industries Limited,HPIL.NS,2022-11-07,2022,NSE Main Board,130.06,,,🟢 Trading Active
Hybrid Financial Services Limited,HYBRIDFIN.NS,2022-12-05,2022,NSE Main Board,17.68,,,🟢 Trading Active
ION Exchange (India) Limited,IONEXCHANG.NS,2022-02-22,2022,NSE Main Board,370.3,,,🟢 Trading Active
Indo Amines Limited,INDOAMIN.NS,2022-04-29,2022,NSE Main Board,121.11,,,🟢 Trading Active
Indo Borax & Chemicals Limited,INDOBORAX.NS,2022-03-29,2022,NSE Main Board,433.15,,,🟢 Trading Active
Inox Green Energy Services Limited,INOXGREEN.NS,2022-11-23,2022,NSE Main Board,179.66,,,🟢 Trading Active
Kaynes Technology India Limited,KAYNES.NS,2022-11-22,2022,NSE Main Board,3644.1,,,🟢 Trading Active
Keystone Realtors Limited,RUSTOMJEE.NS,2022-11-24,2022,NSE Main Board,371.9,,,🟢 Trading Active
Kfin Technologies Limited,KFINTECH.NS,2022-12-29,2022,NSE Main Board,957.6,,,🟢 Trading Active
Kriti Nutrients Limited,KRITINUT.NS,2022-10-07,2022,NSE Main Board,85.79,,,🟢 Trading Active
Kritika Wires Limited,KRITIKA.NS,2022-05-04,2022,NSE Main Board,5.52,,,🟢 Trading Active
Kshitij Polyline Limited,KSHITIJPOL.NS,2022-07-27,2022,NSE Main Board,2.91,,,🟢 Trading Active
Ksolves India Limited,KSOLVES.NS,2022-09-23,2022,NSE Main Board,270.35,,,🟢 Trading Active
Landmark Cars Limited,LANDMARK.NS,2022-12-23,2022,NSE Main Board,513.3,,,🟢 Trading Active
Life Insurance Corporation Of India,LICI.NS,2022-05-17,2022,NSE Main Board,410.0,,,🟢 Trading Active
Lot Size,LOTUSDEV.NS,2022-01-01,2022,NSE Main Board,169.84,,,🟢 Trading Active
Loyal Textile Mills Limited,LOYALTEX.NS,2022-08-11,2022,NSE Main Board,216.9,,,🟢 Trading Active
MITCON Consultancy & Engineering Services Limited,MITCON.NS,2022-03-17,2022,NSE Main Board,80.0,,,🟢 Trading Active
Mahalaxmi Rubtech Limited,MHLXMIRU.NS,2022-01-27,2022,NSE Main Board,186.0,,,🟢 Trading Active
Mallcom (India) Limited,MALLCOM.NS,2022-02-02,2022,NSE Main Board,958.65,,,🟢 Trading Active
Manorama Industries Limited,MANORAMA.NS,2022-07-01,2022,NSE Main Board,1901.0,,,🟢 Trading Active
Medico Remedies Limited,MEDICO.NS,2022-05-26,2022,NSE Main Board,42.66,,,🟢 Trading Active
Megastar Foods Limited,MEGASTAR.NS,2022-02-16,2022,NSE Main Board,308.9,,,🟢 Trading Active
Monarch Networth Capital Limited,MONARCH.NS,2022-01-06,2022,NSE Main Board,387.1,,,🟢 Trading Active
Motherson Sumi Wiring India Limited,MSUMI.NS,2022-03-28,2022,NSE Main Board,40.32,,,🟢 Trading Active
NGL Fine-Chem Limited,NGLFINE.NS,2022-07-08,2022,NSE Main Board,3023.5,,,🟢 Trading Active
Narmada Agrobase Limited,NARMADA.NS,2022-10-27,2022,NSE Main Board,14.88,,,🟢 Trading Active
OBCL Limited,OBCL.NS,2022-04-07,2022,NSE Main Board,54.0,,,🟢 Trading Active
Osia Hyper Retail Limited,OSIAHYPER.NS,2022-12-01,2022,NSE Main Board,2.7,,,🟢 Trading Active
PBA Infrastructure Ltd.,PBAINFRA.BO,2022-01-01,2022,BSE Main Board,10.15,,,🟢 Trading Active
Paradeep Phosphates Limited,PARADEEP.NS,2022-05-27,2022,NSE Main Board,147.82,,,🟢 Trading Active
Patel Engineering Ltd.,PATELENG.NS,2022-01-01,2022,NSE Main Board,27.84,,,🟢 Trading Active
Piramal Pharma Limited,PPLPHARMA.NS,2022-10-19,2022,NSE Main Board,210.53,,,🟢 Trading Active
Pix Transmissions Limited,PIXTRANS.NS,2022-04-28,2022,NSE Main Board,1884.8,,,🟢 Trading Active
Priti International Limited,PRITI.NS,2022-03-02,2022,NSE Main Board,34.18,,,🟢 Trading Active
Prudent Corporate Advisory Services Limited,PRUDENT.NS,2022-05-20,2022,NSE Main Board,3354.1,,,🟢 Trading Active
Punj Lloyd Ltd.,PNB.NS,2022-01-01,2022,NSE Main Board,116.5,,,🟢 Trading Active
Radhika Jeweltech Limited,RADHIKAJWE.NS,2022-07-18,2022,NSE Main Board,66.39,,,🟢 Trading Active
Rainbow Children's Medicare Limited,RAINBOW.BO,2022-05-10,2022,BSE Main Board,1458.35,,,🟢 Trading Active
Rainbow Childrens Medicare Limited,RAINBOW.NS,2022-05-10,2022,NSE Main Board,1458.7,,,🟢 Trading Active
Raj Rayon Industries Limited,RAJRILTD.NS,2022-03-16,2022,NSE Main Board,22.02,,,🟢 Trading Active
Ram Ratna Wires Limited,RAMRAT.NS,2022-07-29,2022,NSE Main Board,472.65,,,🟢 Trading Active
Rama Phosphates Limited,RAMAPHO.NS,2022-08-05,2022,NSE Main Board,121.16,,,🟢 Trading Active
Reliance Chemotex Industries Limited,RELCHEMQ.NS,2022-05-25,2022,NSE Main Board,115.51,,,🟢 Trading Active
Ritco Logistics Limited,RITCO.NS,2022-04-12,2022,NSE Main Board,313.0,,,🟢 Trading Active
Roto Pumps Limited,ROTO.NS,2022-04-21,2022,NSE Main Board,66.34,,,🟢 Trading Active
SONAM LIMITED,SONAMLTD.NS,2022-04-07,2022,NSE Main Board,60.31,,,🟢 Trading Active
Sadbhav Engineering Ltd.,SADBHAV.NS,2022-01-01,2022,NSE Main Board,7.95,,,🟢 Trading Active
Sarveshwar Foods Limited,SARVESHWAR.NS,2022-12-08,2022,NSE Main Board,3.43,,,🟢 Trading Active
Shaily Engineering Plastics Limited,SHAILY.NS,2022-04-04,2022,NSE Main Board,3373.7,,,🟢 Trading Active
Sheetal Cool Products Limited,SCPL.NS,2022-11-22,2022,NSE Main Board,662.65,,,🟢 Trading Active
Silver Touch Technologies Limited,SILVERTUC.NS,2022-05-12,2022,NSE Main Board,195.47,,,🟢 Trading Active
Softtech Engineers Limited,SOFTTECH.NS,2022-02-25,2022,NSE Main Board,413.4,,,🟢 Trading Active
Sportking India Limited,SPORTKING.NS,2022-08-24,2022,NSE Main Board,214.34,,,🟢 Trading Active
Starteck Finance Limited,STARTECK.NS,2022-05-04,2022,NSE Main Board,257.3,,,🟢 Trading Active
Sukhjit Starch & Chemicals Limited,SUKHJITS.NS,2022-11-07,2022,NSE Main Board,159.09,,,🟢 Trading Active
Sula Vineyards Limited,SULA.NS,2022-12-22,2022,NSE Main Board,146.85,,,🟢 Trading Active
Supreme Petrochem Limited,SPLPETRO.NS,2022-05-24,2022,NSE Main Board,707.0,,,🟢 Trading Active
Syncom Formulations (India) Limited,SYNCOMF.NS,2022-11-18,2022,NSE Main Board,15.57,,,🟢 Trading Active
Syrma SGS Technology Limited,SYRMA.NS,2022-08-26,2022,NSE Main Board,1500.1,,,🟢 Trading Active
Tamilnad Mercantile Bank Limited,TMB.NS,2022-09-15,2022,NSE Main Board,847.1,,,🟢 Trading Active
Tips Films Limited,TIPSFILMS.NS,2022-10-06,2022,NSE Main Board,335.85,,,🟢 Trading Active
Tracxn Technologies Limited,TRACXN.NS,2022-10-20,2022,NSE Main Board,29.04,,,🟢 Trading Active
Uma Exports Limited,UMAEXPORTS.NS,2022-04-07,2022,NSE Main Board,22.22,,,🟢 Trading Active
Uniinfo Telecom Services Limited,UNIINFO.NS,2022-01-12,2022,NSE Main Board,11.37,,,🟢 Trading Active
Uniparts India Limited,UNIPARTS.NS,2022-12-12,2022,NSE Main Board,825.85,,,🟢 Trading Active
Vaxtex Cotfab Limited,VCL.NS,2022-04-19,2022,NSE Main Board,1.85,,,🟢 Trading Active
Vedant Fashions Limited,MANYAVAR.NS,2022-02-16,2022,NSE Main Board,536.9,,,🟢 Trading Active
Venus Pipes & Tubes Limited,VENUSPIPES.NS,2022-05-24,2022,NSE Main Board,1572.2,,,🟢 Trading Active
Veranda Learning Solutions Limited,VERANDA.NS,2022-04-11,2022,NSE Main Board,240.0,,,🟢 Trading Active
Vinny Overseas Limited,VINNY.NS,2022-11-28,2022,NSE Main Board,1.05,,,🟢 Trading Active
WE WIN LIMITED,WEWIN.NS,2022-06-15,2022,NSE Main Board,46.0,,,🟢 Trading Active
Wonder Electricals Limited,WEL.NS,2022-01-17,2022,NSE Main Board,146.24,,,🟢 Trading Active
Zim Laboratories Limited,ZIMLAB.NS,2022-11-25,2022,NSE Main Board,114.51,,,🟢 Trading Active
eMudhra Limited,EMUDHRA.NS,2022-06-01,2022,NSE Main Board,562.05,,,🟢 Trading Active
